ParticipantName	[Q01]Value	MediaName	MediaPosX (ADCSpx)	MediaPosY (ADCSpx)	MediaWidth	MediaHeight	MouseEventIndex	MouseEvent	MouseEventX (MCSpx)	MouseEventY (MCSpx)	FixationIndex	SaccadeIndex	GazeEventType	GazeEventDuration	FixationPointX (MCSpx)	FixationPointY (MCSpx)	SaccadicAmplitude	AbsoluteSaccadicDirection	RelativeSaccadicDirection	AOI[NSR_P1]Hit	AOI[NSR_P3]Hit	AOI[NSR_P2]Hit	AOI[NSR_P4]Hit	AOI[NSR_QRST1]Hit	AOI[NSR_QRST2]Hit	AOI[NSR_QRST3]Hit	AOI[NSR_QRST4]Hit	AOI[NSR_P5]Hit	AOI[NSR_QRST5]Hit	AOI[STE_P1]Hit	AOI[STE_P2]Hit	AOI[STE_P3]Hit	AOI[STE_P4]Hit	AOI[STE_QRST1]Hit	AOI[STE_QRST2]Hit	AOI[STE_QRST3]Hit	AOI[STE_QRST4]Hit	
P15F	ST segment	NSR_scaled.PNG	0	188	1366	393					1		Fixation	1200	862	204				0	0	0	0	0	0	0	0	0	0									
P15F	ST segment	NSR_scaled.PNG	0	188	1366	393					2		Fixation	200	576	198	4.08	177.86		0	0	0	0	0	0	0	0	0	0									
P15F	ST segment	NSR_scaled.PNG	0	188	1366	393					3		Fixation	217	496	230	1.36	215.43	37.57	0	0	0	0	0	1	0	0	0	0									
P15F	ST segment	NSR_scaled.PNG	0	188	1366	393					4		Fixation	167	329	225	2.41	176.95	321.52	0	0	1	0	0	0	0	0	0	0									
P15F	ST segment	NSR_scaled.PNG	0	188	1366	393					5		Fixation	183	261	235	1.01	194.66	17.71	0	0	0	0	1	0	0	0	0	0									
P15F	ST segment	NSR_scaled.PNG	0	188	1366	393					6		Fixation	233	679	203	6.06	7.75	173.10	0	0	0	0	0	0	1	0	0	0									
P15F	ST segment	NSR_scaled.PNG	0	188	1366	393					7		Fixation	283	584	216	1.39	193.68	185.93	0	0	0	0	0	0	0	0	0	0									
P15F	ST segment	NSR_scaled.PNG	0	188	1366	393					8		Fixation	183	924	181	4.90	10.38	176.70	0	0	0	1	0	0	0	0	0	0									
P15F	ST segment	NSR_scaled.PNG	0	188	1366	393					9		Fixation	167	879	214	0.96	232.52	222.15	0	0	0	0	0	0	0	0	0	0									
P15F	ST segment	NSR_scaled.PNG	0	188	1366	393					10		Fixation	400	1203	218	4.62	358.74	126.22	0	0	0	0	0	0	0	0	0	0									
P15F	ST segment	NSR_scaled.PNG	0	188	1366	393					11		Fixation	417	869	230	4.77	183.66	184.91	0	0	0	0	0	0	0	0	0	0									
P15F	ST segment	NSR_scaled.PNG	0	188	1366	393					12		Fixation	617	831	243	0.62	211.32	27.66	0	0	0	0	0	0	1	0	0	0									
P15F	ST segment	NSR_scaled.PNG	0	188	1366	393					13		Fixation	217	265	288	9.00	188.05	336.73	0	0	0	0	1	0	0	0	0	0									
P15F	ST segment	NSR_scaled.PNG	0	188	1366	393					14		Fixation	217	1073	267	13.55	2.65	174.60	0	0	0	0	0	0	0	1	0	0									
P15F	ST segment	NSR_scaled.PNG	0	188	1366	393					15		Fixation	133	1333	234	4.04	12.72	10.07	0	0	0	0	0	0	0	0	0	1									
P15F	ST segment	NSR_scaled.PNG	0	188	1366	393					16		Fixation	400	1219	239	1.70	184.46	171.74	0	0	0	0	0	0	0	0	1	0									
P15F	ST segment	NSR_scaled.PNG	0	188	1366	393					17		Fixation	250	1318	144	2.42	59.63	235.17	0	0	0	0	0	0	0	0	0	1									
P15F	ST segment	NSR_scaled.PNG	0	188	1366	393					18		Fixation	134	782	38	12.60	160.62	100.99	0	0	0	0	0	0	0	0	0	0									
P15F	ST segment	NSR_scaled.PNG	0	188	1366	393					19		Fixation	433	620	159	0.58	233.03	72.41	0	1	0	0	0	0	0	0	0	0									
P15F	ST segment	NSR_scaled.PNG	0	188	1366	393					20		Fixation	183	295	160	7.65	180.31	307.28	0	0	0	0	0	0	0	0	0	0									
P15F	ST segment	NSR_scaled.PNG	0	188	1366	393					21		Fixation	133	958	321	9.86	336.64	156.33	0	0	0	1	0	0	0	0	0	0									
P15F	ST segment	NSR_scaled.PNG	0	188	1366	393					22		Fixation	217	1067	184	3.36	65.90	89.26	0	0	0	0	0	0	0	1	0	0									
P15F	ST segment	NSR_scaled.PNG	0	188	1366	393					23		Fixation	483	945	200	1.65	193.13	127.23	0	0	0	1	0	0	0	0	0	0									
P15F	ST segment	NSR_scaled.PNG	0	188	1366	393					24		Fixation	167	482	237	11.32	188.09	354.96	0	0	0	0	0	1	0	0	0	0									
P15F	ST segment	NSR_scaled.PNG	0	188	1366	393					25		Fixation	200	327	228	4.13	174.10	346.01	0	0	1	0	0	0	0	0	0	0									
P15F	ST segment	NSR_scaled.PNG	0	188	1366	393					26		Fixation	567	254	236	1.06	191.03	16.93	0	0	0	0	1	0	0	0	0	0									
P15F	ST segment	NSR_scaled.PNG	0	188	1366	393					27		Fixation	183	602	211	5.00	7.28	176.25	0	0	0	0	0	0	0	0	0	0									
P15F	ST segment	NSR_scaled.PNG	0	188	1366	393					28		Fixation	283	556	222	0.70	203.04	195.76	0	0	0	0	0	0	0	0	0	0									
P15F	ST segment	NSR_scaled.PNG	0	188	1366	393					29		Fixation	150	494	237	0.95	203.28	0.24	0	0	0	0	0	1	0	0	0	0									
P15F	ST segment	NSR_scaled.PNG	0	188	1366	393					30		Fixation	317	800	224	4.38	4.32	161.04	0	0	0	0	0	0	1	0	0	0									
P15F	ST segment	NSR_scaled.PNG	0	188	1366	393					31		Fixation	183	629	216	2.45	175.24	170.92	0	1	0	0	0	0	0	0	0	0									
P15F	ST segment	NSR_scaled.PNG	0	188	1366	393					32		Fixation	233	564	228	0.97	198.18	22.94	0	0	0	0	0	0	0	0	0	0									
P15F	ST segment	NSR_scaled.PNG	0	188	1366	393					33		Fixation	200	309	222	3.64	177.60	339.43	0	0	0	0	0	0	0	0	0	0									
P15F	ST segment	NSR_scaled.PNG	0	188	1366	393					34		Fixation	217	243	227	0.95	187.67	10.07	0	0	0	0	1	0	0	0	0	0									
P15F	ST segment	NSR_scaled.PNG	0	188	1366	393					35		Fixation	200	1059	194	11.47	4.11	176.44	0	0	0	0	0	0	0	1	0	0									
P15F	ST segment	NSR_scaled.PNG	0	188	1366	393					36		Fixation	733	817	297	4.15	217.13	213.01	0	0	0	0	0	0	1	0	0	0									
P15F	ST segment	NSR_scaled.PNG	0	188	1366	393					37		Fixation	1033	860	294	0.69	7.07	149.95	0	0	0	0	0	0	0	0	0	0									
P15F	ST segment	NSR_scaled.PNG	0	188	1366	393					38		Fixation	300	862	263	0.80	87.92	80.85	0	0	0	0	0	0	0	0	0	0									
P15F	ST segment	NSR_scaled.PNG	0	188	1366	393					39		Fixation	133	737	261	1.99	178.37	90.45	0	0	0	0	0	0	1	0	0	0									
P15F	ST segment	NSR_scaled.PNG	0	188	1366	393					40		Fixation	283	676	248	1.03	159.24	340.87	0	0	0	0	0	0	1	0	0	0									
P15F	ST segment	NSR_scaled.PNG	0	188	1366	393					41		Fixation	316	1044	235	5.72	3.60	204.35	0	0	0	0	0	0	0	1	0	0									
P15F	ST segment	NSR_scaled.PNG	0	188	1366	393					42		Fixation	500	912	207	2.17	159.33	155.73	0	0	0	1	0	0	0	0	0	0									
P15F	ST segment	NSR_scaled.PNG	0	188	1366	393					43		Fixation	283	1263	209	5.35	359.42	200.09	0	0	0	0	0	0	0	0	1	0									
P15F	ST segment	NSR_scaled.PNG	0	188	1366	393					44		Fixation	133	1271	151	1.37	85.57	86.15	0	0	0	0	0	0	0	0	0	1									
P15F	ST segment	NSR_scaled.PNG	0	188	1366	393					45		Fixation	150	1235	231	1.93	255.80	170.24	0	0	0	0	0	0	0	0	1	0									
P15F	ST segment	NSR_scaled.PNG	0	188	1366	393					46		Fixation	150	1289	248	0.93	330.75	74.95	0	0	0	0	0	0	0	0	0	1									
P15F	ST segment	NSR_scaled.PNG	0	188	1366	393					47		Fixation	250	1339	240	0.76	15.89	45.13	0	0	0	0	0	0	0	0	0	1									
P15F	ST segment	NSR_scaled.PNG	0	188	1366	393					48		Fixation	400	1325	239	0.21	172.76	156.87	0	0	0	0	0	0	0	0	0	1									
P15F	ST segment	NSR_scaled.PNG	0	188	1366	393					49		Fixation	200	898	149	11.68	159.45	346.69	0	0	0	0	0	0	0	0	0	0									
P15F	ST segment	NSR_scaled.PNG	0	188	1366	393					50		Fixation	133	688	247	5.81	219.69	60.24	0	0	0	0	0	0	1	0	0	0									
P15F	ST segment	NSR_scaled.PNG	0	188	1366	393					51		Fixation	183	576	234	1.69	168.34	308.64	0	0	0	0	0	0	0	0	0	0									
P15F	ST segment	NSR_scaled.PNG	0	188	1366	393					52		Fixation	333	1012	234	6.45	0.00	191.66	0	0	0	0	0	0	0	1	0	0									
P15F	ST segment	NSR_scaled.PNG	0	188	1366	393					53		Fixation	183	932	260	2.07	210.03	210.03	0	0	0	1	0	0	0	0	0	0									
P15F	ST segment	NSR_scaled.PNG	0	188	1366	393					54		Fixation	100	981	247	1.21	25.26	175.23	0	0	0	0	0	0	0	1	0	0									
P15F	ST segment	NSR_scaled.PNG	0	188	1366	393					55		Fixation	100	574	220	6.09	173.27	148.01	0	0	0	0	0	0	0	0	0	0									
P15F	ST segment	NSR_scaled.PNG	0	188	1366	393					56		Fixation	367	550	254	0.88	248.35	75.08	0	0	0	0	0	0	0	0	0	0									
P15F	ST segment	NSR_scaled.PNG	0	188	1366	393					57		Fixation	217	608	238	0.95	26.14	137.78	0	0	0	0	0	0	0	0	0	0									
P15F	ST segment	NSR_scaled.PNG	0	188	1366	393					58		Fixation	217	188	224	6.20	176.61	150.47	0	0	0	0	1	0	0	0	0	0									
P15F	ST segment	NSR_scaled.PNG	0	188	1366	393					59		Fixation	167	174	248	0.61	251.84	75.24	0	0	0	0	1	0	0	0	0	0									
P15F	ST segment	NSR_scaled.PNG	0	188	1366	393					60		Fixation	100	955	186	11.52	8.04	116.19	0	0	0	1	0	0	0	0	0	0									
P15F	ST segment	NSR_scaled.PNG	0	188	1366	393					61		Fixation	217	953	234	1.10	268.66	260.62	0	0	0	1	0	0	0	0	0	0									
P15F	ST segment	STE_scaled.PNG	0	283	1366	203					62		Fixation	1016	196	89	11.49	173.30	264.64											0	0	0	0	1	0	0	0	
P15F	ST segment	STE_scaled.PNG	0	283	1366	203					63		Fixation	300	215	88	0.29	5.35	192.05											0	0	0	0	1	0	0	0	
P15F	ST segment	STE_scaled.PNG	0	283	1366	203					64		Fixation	133	634	125	6.49	351.07	345.73											0	0	0	0	0	0	0	0	
P15F	ST segment	STE_scaled.PNG	0	283	1366	203					65		Fixation	133	578	147	0.98	214.94	223.87											0	0	0	0	0	1	0	0	
P15F	ST segment	STE_scaled.PNG	0	283	1366	203					66		Fixation	133	1036	86	6.86	13.33	158.38											0	0	0	0	0	0	0	1	
P15F	ST segment	STE_scaled.PNG	0	283	1366	203					67		Fixation	200	661	124	5.53	190.22	176.89											0	0	0	0	0	0	0	0	
P15F	ST segment	STE_scaled.PNG	0	283	1366	203					68		Fixation	383	578	141	1.30	200.02	9.80											0	0	0	0	0	1	0	0	
P15F	ST segment	STE_scaled.PNG	0	283	1366	203					69		Fixation	233	618	122	0.74	40.19	200.18											0	0	0	0	0	0	0	0	
P15F	ST segment	STE_scaled.PNG	0	283	1366	203					70		Fixation	200	765	130	2.25	354.47	314.28											0	0	0	0	0	0	1	0	
P15F	ST segment	STE_scaled.PNG	0	283	1366	203					71		Fixation	883	549	155	3.33	191.63	197.16											0	0	0	0	0	1	0	0	
P15F	ST segment	STE_scaled.PNG	0	283	1366	203					72		Fixation	900	483	175	1.91	208.32	16.69											0	0	0	0	0	1	0	0	
P15F	ST segment	STE_scaled.PNG	0	283	1366	203					73		Fixation	83	440	190	1.46	211.82	3.49											0	1	0	0	0	0	0	0	
P15F	ST segment	STE_scaled.PNG	0	283	1366	203					74		Fixation	450	457	189	0.31	5.97	154.15											0	0	0	0	0	0	0	0	
P15F	ST segment	STE_scaled.PNG	0	283	1366	203					75		Fixation	833	498	192	0.76	352.58	346.61											0	0	0	0	0	1	0	0	
P15F	ST segment	STE_scaled.PNG	0	283	1366	203					76		Fixation	100	561	177	1.18	22.95	30.37											0	0	0	0	0	1	0	0	
P15F	ST segment	STE_scaled.PNG	0	283	1366	203					77		Fixation	133	771	186	3.56	355.64	332.69											0	0	0	0	0	0	1	0	
P15F	ST segment	STE_scaled.PNG	0	283	1366	203					78		Fixation	117	646	9	4.34	111.66	116.01											0	0	0	0	0	0	0	0	
P15F	ST segment	STE_scaled.PNG	0	283	1366	203					79		Fixation	167	1271	1	8.17	1.30	249.65											0	0	0	0	0	0	0	0	
P15F	ST segment	STE_scaled.PNG	0	283	1366	203					80		Fixation	267	1097	12	2.25	186.42	185.11											0	0	0	0	0	0	0	1	
P16F	QRS complex	STE_scaled.PNG	0	283	1366	203					1		Fixation	117	788	104														0	0	0	0	0	0	1	0	
P16F	QRS complex	STE_scaled.PNG	0	283	1366	203					2		Fixation	150	474	122	4.51	185.82												0	0	0	0	0	1	0	0	
P16F	QRS complex	STE_scaled.PNG	0	283	1366	203					3		Fixation	133	749	114	3.95	2.96	177.14											0	0	1	0	0	0	0	0	
P16F	QRS complex	STE_scaled.PNG	0	283	1366	203					4		Fixation	250	1201	120	6.41	358.65	355.69											0	0	0	0	0	0	0	0	
P16F	QRS complex	STE_scaled.PNG	0	283	1366	203					5		Fixation	83	240	144	13.76	182.54	183.90											0	0	0	0	1	0	0	0	
P16F	QRS complex	STE_scaled.PNG	0	283	1366	203					6		Fixation	333	116	115	1.86	157.41	334.87											1	0	0	0	0	0	0	0	
P16F	QRS complex	STE_scaled.PNG	0	283	1366	203					7		Fixation	233	543	114	6.12	0.24	202.82											0	0	0	0	0	1	0	0	
P16F	QRS complex	STE_scaled.PNG	0	283	1366	203					8		Fixation	183	485	138	0.99	216.35	216.11											0	0	0	0	0	1	0	0	
P16F	QRS complex	STE_scaled.PNG	0	283	1366	203					9		Fixation	117	871	142	5.56	358.94	142.59											0	0	0	0	0	0	1	0	
P16F	QRS complex	STE_scaled.PNG	0	283	1366	203					10		Fixation	250	963	138	1.31	4.42	5.48											0	0	0	0	0	0	0	0	
P16F	QRS complex	STE_scaled.PNG	0	283	1366	203					11		Fixation	250	1301	137	4.78	0.30	355.88											0	0	0	0	0	0	0	0	
P16F	QRS complex	STE_scaled.PNG	0	283	1366	203					12		Fixation	267	1046	108	3.70	168.56	168.26											0	0	0	0	0	0	0	1	
P16F	QRS complex	STE_scaled.PNG	0	283	1366	203					13		Fixation	233	337	97	10.13	178.42	9.85											0	0	0	0	0	0	0	0	
P16F	QRS complex	STE_scaled.PNG	0	283	1366	203					14		Fixation	200	85	114	3.61	186.84	8.42											0	0	0	0	0	0	0	0	
P16F	QRS complex	STE_scaled.PNG	0	283	1366	203					15		Fixation	133	10	135	1.19	206.47	19.63											0	0	0	0	0	0	0	0	
P16F	QRS complex	STE_scaled.PNG	0	283	1366	203					16		Fixation	200	241	106	3.40	12.59	166.11											0	0	0	0	1	0	0	0	
P16F	QRS complex	STE_scaled.PNG	0	283	1366	203					17		Fixation	150	191	126	0.86	215.43	202.84											0	0	0	0	1	0	0	0	
P16F	QRS complex	STE_scaled.PNG	0	283	1366	203					18		Fixation	283	721	128	7.65	359.62	144.19											0	0	1	0	0	0	0	0	
P16F	QRS complex	STE_scaled.PNG	0	283	1366	203					19		Fixation	417	1043	137	4.63	357.15	357.54											0	0	0	0	0	0	0	1	
P16F	QRS complex	STE_scaled.PNG	0	283	1366	203					20		Fixation	400	960	160	1.26	206.24	209.08											0	0	0	0	0	0	0	0	
P16F	QRS complex	STE_scaled.PNG	0	283	1366	203					21		Fixation	267	183	118	11.28	174.51	328.27											0	0	0	0	1	0	0	0	
P16F	QRS complex	STE_scaled.PNG	0	283	1366	203					22		Fixation	233	238	124	0.80	349.02	174.51											0	0	0	0	1	0	0	0	
P16F	QRS complex	STE_scaled.PNG	0	283	1366	203					23		Fixation	133	300	121	0.90	4.92	15.90											0	0	0	0	0	0	0	0	
P16F	QRS complex	STE_scaled.PNG	0	283	1366	203					24		Fixation	217	215	116	1.23	174.03	169.11											0	0	0	0	1	0	0	0	
P16F	QRS complex	STE_scaled.PNG	0	283	1366	203					25		Fixation	400	287	116	1.03	0.00	185.97											0	0	0	0	1	0	0	0	
P16F	QRS complex	STE_scaled.PNG	0	283	1366	203					26		Fixation	317	312	105	0.44	38.05	38.05											0	0	0	0	0	0	0	0	
P16F	QRS complex	STE_scaled.PNG	0	283	1366	203					27		Fixation	300	604	112	4.20	357.56	319.51											0	0	0	0	0	0	0	0	
P16F	QRS complex	STE_scaled.PNG	0	283	1366	203					28		Fixation	250	687	122	1.22	347.90	350.35											0	0	0	0	0	0	0	0	
P16F	QRS complex	STE_scaled.PNG	0	283	1366	203					29		Fixation	317	650	143	0.70	225.27	237.37											0	0	0	0	0	0	0	0	
P16F	QRS complex	STE_scaled.PNG	0	283	1366	203					30		Fixation	150	345	129	4.41	175.33	310.06											0	0	0	0	0	0	0	0	
P16F	QRS complex	STE_scaled.PNG	0	283	1366	203					31		Fixation	200	242	120	1.49	171.17	355.83											0	0	0	0	1	0	0	0	
P16F	QRS complex	STE_scaled.PNG	0	283	1366	203					32		Fixation	250	99	145	2.15	197.27	26.11											0	0	0	0	0	0	0	0	
P16F	QRS complex	STE_scaled.PNG	0	283	1366	203					33		Fixation	500	283	111	2.78	18.19	180.92											0	0	0	0	1	0	0	0	
P16F	QRS complex	STE_scaled.PNG	0	283	1366	203					34		Fixation	550	281	105	0.14	100.61	82.42											0	0	0	0	1	0	0	0	
P16F	QRS complex	STE_scaled.PNG	0	283	1366	203					35		Fixation	267	746	118	6.68	357.15	256.54											0	0	1	0	0	0	0	0	
P16F	QRS complex	STE_scaled.PNG	0	283	1366	203					36		Fixation	250	680	133	0.99	202.01	204.86											0	0	0	0	0	0	0	0	
P16F	QRS complex	STE_scaled.PNG	0	283	1366	203					37		Fixation	300	636	131	0.64	175.38	333.37											0	0	0	0	0	0	0	0	
P16F	QRS complex	STE_scaled.PNG	0	283	1366	203					38		Fixation	333	738	129	1.47	2.00	186.62											0	0	1	0	0	0	0	0	
P16F	QRS complex	STE_scaled.PNG	0	283	1366	203					39		Fixation	200	248	106	7.07	175.23	173.23											0	0	0	0	1	0	0	0	
P16F	QRS complex	STE_scaled.PNG	0	283	1366	203					40		Fixation	617	296	108	0.70	355.76	180.53											0	0	0	0	0	0	0	0	
P16F	QRS complex	STE_scaled.PNG	0	283	1366	203					41		Fixation	250	688	109	5.64	359.74	3.98											0	0	0	0	0	0	0	0	
P16F	QRS complex	STE_scaled.PNG	0	283	1366	203					42		Fixation	217	957	100	3.76	3.41	3.67											0	0	0	0	0	0	0	0	
P16F	QRS complex	NSR_scaled.PNG	0	188	1366	393					43		Fixation	117	615	250	8.24	195.96	192.56	0	1	0	0	0	0	0	0	0	0									
P16F	QRS complex	NSR_scaled.PNG	0	188	1366	393					44		Fixation	100	537	277	2.17	211.62	15.66	0	0	0	0	0	1	0	0	0	0									
P16F	QRS complex	NSR_scaled.PNG	0	188	1366	393					45		Fixation	217	31	288	7.19	182.21	330.59	0	0	0	0	0	0	0	0	0	0									
P16F	QRS complex	NSR_scaled.PNG	0	188	1366	393					46		Fixation	333	197	269	2.41	11.51	189.29	0	0	0	0	1	0	0	0	0	0									
P16F	QRS complex	NSR_scaled.PNG	0	188	1366	393					47		Fixation	300	271	273	1.06	354.51	343.00	0	0	0	0	0	0	0	0	0	0									
P16F	QRS complex	NSR_scaled.PNG	0	188	1366	393					48		Fixation	333	517	293	3.56	351.77	357.26	0	0	0	0	0	1	0	0	0	0									
P16F	QRS complex	NSR_scaled.PNG	0	188	1366	393					49		Fixation	350	562	278	0.73	30.66	38.89	0	0	0	0	0	0	0	0	0	0									
P16F	QRS complex	NSR_scaled.PNG	0	188	1366	393					50		Fixation	167	475	296	1.31	200.20	169.54	0	0	0	0	0	1	0	0	0	0									
P16F	QRS complex	NSR_scaled.PNG	0	188	1366	393					51		Fixation	133	560	294	1.22	2.40	162.19	0	0	0	0	0	0	0	0	0	0									
P16F	QRS complex	NSR_scaled.PNG	0	188	1366	393					52		Fixation	217	199	296	5.16	180.56	178.17	0	0	0	0	1	0	0	0	0	0									
P16F	QRS complex	NSR_scaled.PNG	0	188	1366	393					53		Fixation	133	371	287	2.46	5.32	184.75	0	0	1	0	0	0	0	0	0	0									
P16F	QRS complex	NSR_scaled.PNG	0	188	1366	393					54		Fixation	183	444	289	1.04	357.21	351.89	0	0	0	0	0	1	0	0	0	0									
P16F	QRS complex	NSR_scaled.PNG	0	188	1366	393					55		Fixation	300	51	303	5.63	183.63	186.42	1	0	0	0	0	0	0	0	0	0									
P16F	QRS complex	NSR_scaled.PNG	0	188	1366	393					56		Fixation	83	1286	254	17.34	4.04	180.41	0	0	0	0	0	0	0	0	0	1									
P16F	QRS complex	NSR_scaled.PNG	0	188	1366	393					57		Fixation	234	324	220	23.28	176.40	172.37	0	0	1	0	0	0	0	0	0	0									
P16F	QRS complex	NSR_scaled.PNG	0	188	1366	393					58		Fixation	100	432	298	13.90	307.90	131.50	0	0	0	0	0	1	0	0	0	0									
P16F	QRS complex	NSR_scaled.PNG	0	188	1366	393					59		Fixation	150	179	289	6.90	176.38	228.48	0	0	0	0	1	0	0	0	0	0									
P16F	QRS complex	NSR_scaled.PNG	0	188	1366	393					60		Fixation	183	64	288	1.66	179.11	2.73	1	0	0	0	0	0	0	0	0	0									
P16F	QRS complex	NSR_scaled.PNG	0	188	1366	393					61		Fixation	333	415	297	5.09	357.39	178.27	0	0	0	0	0	1	0	0	0	0									
P16F	QRS complex	NSR_scaled.PNG	0	188	1366	393					62		Fixation	117	354	261	1.18	133.61	136.22	0	0	1	0	0	0	0	0	0	0									
P16F	QRS complex	NSR_scaled.PNG	0	188	1366	393					63		Fixation	333	68	315	7.75	198.56	64.95	1	0	0	0	0	0	0	0	0	0									
P16F	QRS complex	NSR_scaled.PNG	0	188	1366	393					64		Fixation	283	82	311	0.42	26.94	188.38	1	0	0	0	0	0	0	0	0	0									
P17F	QRS complex	NSR_scaled.PNG	0	188	1366	393					1		Fixation	100	732	161				0	0	0	0	0	0	1	0	0	0									
P17F	QRS complex	NSR_scaled.PNG	0	188	1366	393					2		Fixation	117	689	125	0.98	123.88		0	0	0	0	0	0	1	0	0	0									
P17F	QRS complex	NSR_scaled.PNG	0	188	1366	393					3		Fixation	100	643	223	2.22	255.22	131.33	0	1	0	0	0	0	0	0	0	0									
P17F	QRS complex	NSR_scaled.PNG	0	188	1366	393					4		Fixation	266	404	237	3.42	185.95	290.73	0	0	0	0	0	1	0	0	0	0									
P17F	QRS complex	NSR_scaled.PNG	0	188	1366	393					5		Fixation	100	275	268	2.00	203.14	17.20	0	0	0	0	0	0	0	0	0	0									
P17F	QRS complex	NSR_scaled.PNG	0	188	1366	393					6		Fixation	117	272	362	2.17	268.97	65.83	0	0	0	0	0	0	0	0	0	0									
P17F	QRS complex	NSR_scaled.PNG	0	188	1366	393					7		Fixation	117	205	243	2.85	107.57	198.59	0	0	0	0	1	0	0	0	0	0									
P17F	QRS complex	NSR_scaled.PNG	0	188	1366	393					8		Fixation	100	230	288	1.05	287.35	179.78	0	0	0	0	1	0	0	0	0	0									
P17F	QRS complex	NSR_scaled.PNG	0	188	1366	393					9		Fixation	217	301	388	2.48	291.76	4.41	0	0	0	0	0	0	0	0	0	0									
P17F	QRS complex	NSR_scaled.PNG	0	188	1366	393					10		Fixation	100	363	201	4.40	79.44	147.68	0	0	1	0	0	0	0	0	0	0									
P17F	QRS complex	NSR_scaled.PNG	0	188	1366	393					11		Fixation	300	381	220	0.48	298.04	218.60	0	0	1	0	0	0	0	0	0	0									
P17F	QRS complex	NSR_scaled.PNG	0	188	1366	393					12		Fixation	250	473	207	1.35	14.11	76.07	0	0	0	0	0	1	0	0	0	0									
P17F	QRS complex	NSR_scaled.PNG	0	188	1366	393					13		Fixation	217	523	179	0.95	44.89	30.78	0	0	0	0	0	1	0	0	0	0									
P17F	QRS complex	NSR_scaled.PNG	0	188	1366	393					14		Fixation	100	545	201	0.57	299.35	254.46	0	0	0	0	0	1	0	0	0	0									
P17F	QRS complex	NSR_scaled.PNG	0	188	1366	393					15		Fixation	400	742	191	2.82	5.16	65.81	0	0	0	0	0	0	1	0	0	0									
P17F	QRS complex	NSR_scaled.PNG	0	188	1366	393					16		Fixation	233	1164	195	5.98	359.03	353.88	0	0	0	0	0	0	0	0	0	0									
P17F	QRS complex	NSR_scaled.PNG	0	188	1366	393					17		Fixation	233	1212	186	0.69	18.44	19.41	0	0	0	0	0	0	0	0	1	0									
P17F	QRS complex	NSR_scaled.PNG	0	188	1366	393					18		Fixation	133	1128	185	1.18	178.79	160.34	0	0	0	0	0	0	0	1	0	0									
P17F	QRS complex	NSR_scaled.PNG	0	188	1366	393					19		Fixation	150	1002	180	1.78	175.96	357.18	0	0	0	0	0	0	0	1	0	0									
P17F	QRS complex	NSR_scaled.PNG	0	188	1366	393					20		Fixation	233	1094	196	1.35	342.81	166.85	0	0	0	0	0	0	0	1	0	0									
P17F	QRS complex	NSR_scaled.PNG	0	188	1366	393					21		Fixation	117	739	196	5.01	180.00	197.19	0	0	0	0	0	0	1	0	0	0									
P17F	QRS complex	NSR_scaled.PNG	0	188	1366	393					22		Fixation	267	700	196	0.55	180.00	0.00	0	0	0	0	0	0	1	0	0	0									
P17F	QRS complex	NSR_scaled.PNG	0	188	1366	393					23		Fixation	2083	1104	201	5.73	358.74	178.74	0	0	0	0	0	0	0	1	0	0									
P17F	QRS complex	NSR_scaled.PNG	0	188	1366	393					24		Fixation	950	1096	184	0.40	104.82	106.08	0	0	0	0	0	0	0	1	0	0									
P17F	QRS complex	NSR_scaled.PNG	0	188	1366	393					25		Fixation	200	1041	226	1.76	233.64	128.82	0	0	0	0	0	0	0	1	0	0									
P17F	QRS complex	NSR_scaled.PNG	0	188	1366	393					26		Fixation	167	1007	158	5.53	105.70	232.06	0	0	0	0	0	0	0	1	0	0									
P17F	QRS complex	NSR_scaled.PNG	0	188	1366	393					27		Fixation	417	675	277	8.74	212.52	106.82	0	0	0	0	0	0	1	0	0	0									
P17F	QRS complex	STE_scaled.PNG	0	283	1366	203					28		Fixation	150	198	18	7.48	148.55	296.03											0	0	0	0	1	0	0	0	
P17F	QRS complex	STE_scaled.PNG	0	283	1366	203					29		Fixation	233	100	22	1.35	184.15	35.60											0	0	0	0	0	0	0	0	
P17F	QRS complex	STE_scaled.PNG	0	283	1366	203					30		Fixation	150	470	91	5.29	341.65	157.50											0	0	0	0	0	1	0	0	
P17F	QRS complex	STE_scaled.PNG	0	283	1366	203					31		Fixation	133	572	30	1.96	46.77	65.12											0	0	0	0	0	1	0	0	
P17F	QRS complex	STE_scaled.PNG	0	283	1366	203					32		Fixation	317	90	10	6.68	175.78	129.01											0	0	0	0	0	0	0	0	
P17F	QRS complex	STE_scaled.PNG	0	283	1366	203					33		Fixation	233	417	26	4.51	355.03	179.25											0	1	0	0	0	0	0	0	
P17F	QRS complex	STE_scaled.PNG	0	283	1366	203					34		Fixation	134	484	28	0.93	356.96	1.93											0	0	0	0	0	1	0	0	
P17F	QRS complex	STE_scaled.PNG	0	283	1366	203					35		Fixation	167	429	23	0.77	170.82	173.85											0	1	0	0	0	0	0	0	
P17F	QRS complex	STE_scaled.PNG	0	283	1366	203					36		Fixation	417	722	128	4.69	327.49	156.67											0	0	1	0	0	0	0	0	
P17F	QRS complex	STE_scaled.PNG	0	283	1366	203					37		Fixation	100	745	140	0.43	317.14	349.65											0	0	1	0	0	0	0	0	
P17F	QRS complex	STE_scaled.PNG	0	283	1366	203					38		Fixation	183	49	8	10.09	161.36	204.22											0	0	0	0	0	0	0	0	
P17F	QRS complex	STE_scaled.PNG	0	283	1366	203					39		Fixation	83	244	2	2.68	3.13	201.77											0	0	0	0	1	0	0	0	
P17F	QRS complex	STE_scaled.PNG	0	283	1366	203					40		Fixation	233	185	0	0.81	176.55	173.42											0	0	0	0	0	0	0	0	
P19F	QRS complex	NSR_scaled.PNG	0	188	1366	393					1		Fixation	217	684	124				0	0	0	0	0	0	1	0	0	0									
P19F	QRS complex	NSR_scaled.PNG	0	188	1366	393					2		Fixation	317	807	231	2.66	302.87		0	0	0	0	0	0	1	0	0	0									
P19F	QRS complex	NSR_scaled.PNG	0	188	1366	393					3		Fixation	300	1256	239	5.70	358.18	55.31	0	0	0	0	0	0	0	0	1	0									
P19F	QRS complex	NSR_scaled.PNG	0	188	1366	393					4		Fixation	217	342	253	11.67	181.56	183.38	0	0	1	0	0	0	0	0	0	0									
P19F	QRS complex	NSR_scaled.PNG	0	188	1366	393					5		Fixation	133	151	263	2.46	185.32	3.76	0	0	0	0	1	0	0	0	0	0									
P19F	QRS complex	NSR_scaled.PNG	0	188	1366	393					6		Fixation	433	41	273	1.43	189.18	3.86	0	0	0	0	0	0	0	0	0	0									
P19F	QRS complex	NSR_scaled.PNG	0	188	1366	393					7		Fixation	233	582	251	6.98	4.14	174.95	0	0	0	0	0	0	0	0	0	0									
P19F	QRS complex	NSR_scaled.PNG	0	188	1366	393					8		Fixation	617	438	269	1.89	192.53	188.40	0	0	0	0	0	1	0	0	0	0									
P19F	QRS complex	NSR_scaled.PNG	0	188	1366	393					9		Fixation	317	382	275	0.73	190.79	358.25	0	0	1	0	0	0	0	0	0	0									
P19F	QRS complex	NSR_scaled.PNG	0	188	1366	393					10		Fixation	1567	848	256	6.01	4.15	173.36	0	0	0	0	0	0	0	0	0	0									
P19F	QRS complex	NSR_scaled.PNG	0	188	1366	393					11		Fixation	317	787	264	0.79	193.13	188.98	0	0	0	0	0	0	1	0	0	0									
P19F	QRS complex	NSR_scaled.PNG	0	188	1366	393					12		Fixation	250	949	245	2.09	11.78	178.65	0	0	0	1	0	0	0	0	0	0									
P19F	QRS complex	NSR_scaled.PNG	0	188	1366	393					13		Fixation	283	1095	259	1.89	350.32	338.54	0	0	0	0	0	0	0	1	0	0									
P19F	QRS complex	NSR_scaled.PNG	0	188	1366	393					14		Fixation	1233	848	264	3.14	182.06	191.74	0	0	0	0	0	0	0	0	0	0									
P19F	QRS complex	NSR_scaled.PNG	0	188	1366	393					15		Fixation	483	850	272	0.17	278.00	95.94	0	0	0	0	0	0	0	0	0	0									
P19F	QRS complex	STE_scaled.PNG	0	283	1366	203					16		Fixation	167	691	96	2.64	137.82	219.82											0	0	0	0	0	0	0	0	
P19F	QRS complex	STE_scaled.PNG	0	283	1366	203					17		Fixation	150	576	101	1.46	184.42	46.60											0	0	0	0	0	1	0	0	
P19F	QRS complex	STE_scaled.PNG	0	283	1366	203					18		Fixation	600	440	119	1.77	193.25	8.82											0	1	0	0	0	0	0	0	
P19F	QRS complex	STE_scaled.PNG	0	283	1366	203					19		Fixation	300	487	101	0.70	34.26	201.02											0	0	0	0	0	1	0	0	
P19F	QRS complex	STE_scaled.PNG	0	283	1366	203					20		Fixation	133	554	91	0.87	14.87	340.61											0	0	0	0	0	1	0	0	
P19F	QRS complex	STE_scaled.PNG	0	283	1366	203					21		Fixation	650	965	75	5.19	3.96	349.09											0	0	0	0	0	0	0	0	
P19F	QRS complex	STE_scaled.PNG	0	283	1366	203					22		Fixation	300	557	95	5.16	184.98	181.02											0	0	0	0	0	1	0	0	
P19F	QRS complex	STE_scaled.PNG	0	283	1366	203					23		Fixation	2667	514	101	0.56	193.94	8.96											0	0	0	0	0	1	0	0	
P19F	QRS complex	STE_scaled.PNG	0	283	1366	203					24		Fixation	250	760	110	3.14	356.28	162.34											0	0	1	0	0	0	0	0	
P19F	QRS complex	STE_scaled.PNG	0	283	1366	203					25		Fixation	200	682	103	1.00	170.93	174.65											0	0	0	0	0	0	0	0	
P19F	QRS complex	STE_scaled.PNG	0	283	1366	203					26		Fixation	167	1026	93	4.33	2.96	192.03											0	0	0	1	0	0	0	0	
P19F	QRS complex	STE_scaled.PNG	0	283	1366	203					27		Fixation	183	1288	96	3.25	358.83	355.87											0	0	0	0	0	0	0	0	
P19F	QRS complex	STE_scaled.PNG	0	283	1366	203					28		Fixation	283	1206	98	1.01	182.48	183.65											0	0	0	0	0	0	0	0	
P19F	QRS complex	STE_scaled.PNG	0	283	1366	203					29		Fixation	200	740	99	5.82	180.22	357.73											0	0	1	0	0	0	0	0	
P19F	QRS complex	STE_scaled.PNG	0	283	1366	203					30		Fixation	400	883	83	1.81	11.26	191.04											0	0	0	0	0	0	1	0	
P20F	ST segment	STE_scaled.PNG	0	283	1366	203					1		Fixation	183	171	68														0	0	0	0	1	0	0	0	
P20F	ST segment	STE_scaled.PNG	0	283	1366	203					2		Fixation	167	238	67	0.91	1.52												0	0	0	0	1	0	0	0	
P20F	ST segment	STE_scaled.PNG	0	283	1366	203					3		Fixation	317	561	69	4.42	359.37	357.85											0	0	0	0	0	1	0	0	
P20F	ST segment	STE_scaled.PNG	0	283	1366	203					4		Fixation	167	1029	61	6.34	1.74	2.37											0	0	0	0	0	0	0	0	
P20F	ST segment	STE_scaled.PNG	0	283	1366	203					5		Fixation	233	683	73	4.67	183.53	181.79											0	0	0	0	0	0	0	0	
P20F	ST segment	STE_scaled.PNG	0	283	1366	203					6		Fixation	417	576	92	1.51	197.53	14.00											0	0	0	0	0	1	0	0	
P20F	ST segment	STE_scaled.PNG	0	283	1366	203					7		Fixation	183	858	86	3.86	2.17	164.64											0	0	0	0	0	0	1	0	
P20F	ST segment	STE_scaled.PNG	0	283	1366	203					8		Fixation	433	939	84	1.10	2.51	0.35											0	0	0	0	0	0	0	0	
P20F	ST segment	STE_scaled.PNG	0	283	1366	203					9		Fixation	150	878	68	0.91	154.99	152.47											0	0	0	0	0	0	1	0	
P20F	ST segment	STE_scaled.PNG	0	283	1366	203					10		Fixation	183	705	70	2.35	181.18	26.19											0	0	0	0	0	0	0	0	
P20F	ST segment	STE_scaled.PNG	0	283	1366	203					11		Fixation	283	305	67	5.46	179.24	358.06											0	0	0	0	0	0	0	0	
P20F	ST segment	STE_scaled.PNG	0	283	1366	203					12		Fixation	283	197	74	1.48	186.58	7.34											0	0	0	0	1	0	0	0	
P20F	ST segment	STE_scaled.PNG	0	283	1366	203					13		Fixation	1933	692	55	6.68	3.91	177.33											0	0	0	0	0	0	0	0	
P20F	ST segment	STE_scaled.PNG	0	283	1366	203					14		Fixation	683	600	80	1.33	205.80	201.89											0	0	0	0	0	0	0	0	
P20F	ST segment	STE_scaled.PNG	0	283	1366	203					15		Fixation	217	844	79	3.32	0.42	154.62											0	0	0	0	0	0	1	0	
P20F	ST segment	STE_scaled.PNG	0	283	1366	203					16		Fixation	567	953	81	1.48	358.13	357.71											0	0	0	0	0	0	0	0	
P20F	ST segment	STE_scaled.PNG	0	283	1366	203					17		Fixation	233	1194	72	3.20	3.80	5.67											0	0	0	0	0	0	0	0	
P20F	ST segment	STE_scaled.PNG	0	283	1366	203					18		Fixation	550	1316	76	1.61	356.66	352.86											0	0	0	0	0	0	0	0	
P20F	ST segment	STE_scaled.PNG	0	283	1366	203					19		Fixation	183	1061	59	3.43	173.24	176.58											0	0	0	0	0	0	0	1	
P20F	ST segment	STE_scaled.PNG	0	283	1366	203					20		Fixation	917	687	64	5.06	181.36	8.12											0	0	0	0	0	0	0	0	
P20F	ST segment	STE_scaled.PNG	0	283	1366	203					21		Fixation	500	639	76	0.70	203.97	22.61											0	0	0	0	0	0	0	0	
P20F	ST segment	STE_scaled.PNG	0	283	1366	203					22		Fixation	100	712	13	1.61	56.92	212.94											0	0	1	0	0	0	0	0	
P20F	ST segment	STE_scaled.PNG	0	283	1366	203					23		Fixation	633	704	59	0.97	264.42	207.50											0	0	0	0	0	0	0	0	
P20F	ST segment	NSR_scaled.PNG	0	188	1366	393					24		Fixation	383	227	168	11.69	182.99	278.57	0	0	0	0	1	0	0	0	0	0									
P20F	ST segment	NSR_scaled.PNG	0	188	1366	393					25		Fixation	217	101	203	3.45	206.29	23.30	1	0	0	0	0	0	0	0	0	0									
P20F	ST segment	NSR_scaled.PNG	0	188	1366	393					26		Fixation	150	69	271	1.60	255.18	48.89	1	0	0	0	0	0	0	0	0	0									
P20F	ST segment	NSR_scaled.PNG	0	188	1366	393					27		Fixation	150	105	233	1.01	61.96	166.78	0	0	0	0	0	0	0	0	0	0									
P20F	ST segment	NSR_scaled.PNG	0	188	1366	393					28		Fixation	333	163	254	0.94	327.22	265.26	0	0	0	0	1	0	0	0	0	0									
P20F	ST segment	NSR_scaled.PNG	0	188	1366	393					29		Fixation	367	528	241	5.18	3.62	36.41	0	0	0	0	0	1	0	0	0	0									
P20F	ST segment	NSR_scaled.PNG	0	188	1366	393					30		Fixation	117	476	254	0.79	203.97	200.35	0	0	0	0	0	1	0	0	0	0									
P20F	ST segment	NSR_scaled.PNG	0	188	1366	393					31		Fixation	283	850	248	5.26	1.63	157.66	0	0	0	0	0	0	0	0	0	0									
P20F	ST segment	NSR_scaled.PNG	0	188	1366	393					32		Fixation	267	792	265	0.88	207.53	205.90	0	0	0	0	0	0	1	0	0	0									
P20F	ST segment	NSR_scaled.PNG	0	188	1366	393					33		Fixation	350	1096	252	4.23	4.35	156.82	0	0	0	0	0	0	0	1	0	0									
P20F	ST segment	NSR_scaled.PNG	0	188	1366	393					34		Fixation	267	877	245	3.06	176.75	172.40	0	0	0	0	0	0	0	0	0	0									
P20F	ST segment	NSR_scaled.PNG	0	188	1366	393					35		Fixation	783	790	265	1.28	202.24	25.49	0	0	0	0	0	0	1	0	0	0									
P20F	ST segment	NSR_scaled.PNG	0	188	1366	393					36		Fixation	783	470	253	4.55	176.18	333.95	0	0	0	0	0	1	0	0	0	0									
P20F	ST segment	NSR_scaled.PNG	0	188	1366	393					37		Fixation	1067	145	261	4.61	182.51	6.32	0	0	0	0	1	0	0	0	0	0									
P20F	ST segment	NSR_scaled.PNG	0	188	1366	393					38		Fixation	217	177	245	0.59	41.65	219.14	0	0	0	0	1	0	0	0	0	0									
P20F	ST segment	NSR_scaled.PNG	0	188	1366	393					39		Fixation	200	452	248	3.89	358.89	317.24	0	0	0	0	0	1	0	0	0	0									
P20F	ST segment	NSR_scaled.PNG	0	188	1366	393					40		Fixation	183	558	247	1.50	0.96	2.07	0	0	0	0	0	0	0	0	0	0									
P20F	ST segment	NSR_scaled.PNG	0	188	1366	393					41		Fixation	200	460	260	1.42	193.28	192.31	0	0	0	0	0	1	0	0	0	0									
P20F	ST segment	NSR_scaled.PNG	0	188	1366	393					42		Fixation	317	856	253	5.59	1.80	168.53	0	0	0	0	0	0	0	0	0	0									
P20F	ST segment	NSR_scaled.PNG	0	188	1366	393					43		Fixation	567	790	266	0.96	199.31	197.51	0	0	0	0	0	0	1	0	0	0									
P20F	ST segment	NSR_scaled.PNG	0	188	1366	393					44		Fixation	483	1116	246	4.50	6.23	166.92	0	0	0	0	0	0	0	1	0	0									
P20F	ST segment	NSR_scaled.PNG	0	188	1366	393					45		Fixation	183	557	241	7.77	179.09	172.86	0	0	0	0	0	0	0	0	0	0									
P20F	ST segment	NSR_scaled.PNG	0	188	1366	393					46		Fixation	183	455	244	1.44	182.99	3.91	0	0	0	0	0	1	0	0	0	0									
P20F	ST segment	NSR_scaled.PNG	0	188	1366	393					47		Fixation	150	393	252	0.90	192.93	9.93	0	0	0	0	0	1	0	0	0	0									
P20F	ST segment	NSR_scaled.PNG	0	188	1366	393					48		Fixation	217	361	244	0.49	156.03	323.10	0	0	1	0	0	0	0	0	0	0									
P20F	ST segment	NSR_scaled.PNG	0	188	1366	393					49		Fixation	233	169	246	2.70	181.06	25.03	0	0	0	0	1	0	0	0	0	0									
P20F	ST segment	NSR_scaled.PNG	0	188	1366	393					50		Fixation	267	93	252	1.07	187.99	6.93	1	0	0	0	0	0	0	0	0	0									
P20F	ST segment	NSR_scaled.PNG	0	188	1366	393					51		Fixation	167	387	226	4.15	8.94	180.95	0	0	0	0	0	1	0	0	0	0									
P20F	ST segment	NSR_scaled.PNG	0	188	1366	393					52		Fixation	217	548	238	2.26	352.45	343.51	0	0	0	0	0	0	0	0	0	0									
P20F	ST segment	NSR_scaled.PNG	0	188	1366	393					53		Fixation	500	468	248	1.14	192.53	200.09	0	0	0	0	0	1	0	0	0	0									
P20F	ST segment	NSR_scaled.PNG	0	188	1366	393					54		Fixation	367	755	233	4.00	5.31	172.78	0	0	0	0	0	0	1	0	0	0									
P20F	ST segment	NSR_scaled.PNG	0	188	1366	393					55		Fixation	200	561	266	2.78	196.83	191.52	0	0	0	0	0	0	0	0	0	0									
P20F	ST segment	NSR_scaled.PNG	0	188	1366	393					56		Fixation	100	640	101	6.03	74.93	238.10	0	1	0	0	0	0	0	0	0	0									
P20F	ST segment	NSR_scaled.PNG	0	188	1366	393					57		Fixation	89	578	255	5.56	257.25	182.31	0	0	0	0	0	0	0	0	0	0									
P20F	ST segment	NSR_scaled.PNG	0	188	1366	393					58		Fixation	133	287	87	9.77	134.24	237.00	0	0	0	0	0	0	0	0	0	0									
P20F	ST segment	NSR_scaled.PNG	0	188	1366	393					59		Fixation	167	143	190	6.47	231.83	97.59	0	0	0	0	1	0	0	0	0	0									
P20F	ST segment	NSR_scaled.PNG	0	188	1366	393					60		Fixation	333	181	251	2.44	289.30	57.47	0	0	0	0	1	0	0	0	0	0									
P20F	ST segment	NSR_scaled.PNG	0	188	1366	393					61		Fixation	150	378	175	5.79	34.46	105.15	0	0	1	0	0	0	0	0	0	0									
P20F	ST segment	NSR_scaled.PNG	0	188	1366	393					62		Fixation	533	378	245	2.61	270.00	235.54	0	0	1	0	0	0	0	0	0	0									
P22F	ST segment	NSR_scaled.PNG	0	188	1366	393					1		Fixation	300	463	248				0	0	0	0	0	1	0	0	0	0									
P22F	ST segment	NSR_scaled.PNG	0	188	1366	393					2		Fixation	117	369	294	1.77	221.04		0	0	1	0	0	0	0	0	0	0									
P22F	ST segment	NSR_scaled.PNG	0	188	1366	393					3		Fixation	233	249	257	1.92	151.26	290.22	0	0	0	0	1	0	0	0	0	0									
P22F	ST segment	NSR_scaled.PNG	0	188	1366	393					4		Fixation	233	202	309	1.44	243.06	91.80	0	0	0	0	1	0	0	0	0	0									
P22F	ST segment	NSR_scaled.PNG	0	188	1366	393					5		Fixation	400	104	318	1.45	189.28	306.22	1	0	0	0	0	0	0	0	0	0									
P22F	ST segment	NSR_scaled.PNG	0	188	1366	393					6		Fixation	183	459	311	5.20	2.01	172.73	0	0	0	0	0	1	0	0	0	0									
P22F	ST segment	NSR_scaled.PNG	0	188	1366	393					7		Fixation	1400	530	303	1.07	11.33	9.32	0	0	0	0	0	1	0	0	0	0									
P22F	ST segment	NSR_scaled.PNG	0	188	1366	393					8		Fixation	83	530	298	0.12	90.00	78.67	0	0	0	0	0	1	0	0	0	0									
P22F	ST segment	NSR_scaled.PNG	0	188	1366	393					9		Fixation	550	859	303	4.87	358.45	268.45	0	0	0	0	0	0	0	0	0	0									
P22F	ST segment	NSR_scaled.PNG	0	188	1366	393					10		Fixation	400	825	299	0.51	168.18	169.73	0	0	0	0	0	0	1	0	0	0									
P22F	ST segment	NSR_scaled.PNG	0	188	1366	393					11		Fixation	500	1202	298	5.55	0.27	192.09	0	0	0	0	0	0	0	0	0	0									
P22F	ST segment	NSR_scaled.PNG	0	188	1366	393					12		Fixation	300	1277	299	1.09	358.64	358.37	0	0	0	0	0	0	0	0	0	1									
P22F	ST segment	NSR_scaled.PNG	0	188	1366	393					13		Fixation	150	72	301	17.73	180.17	181.53	1	0	0	0	0	0	0	0	0	0									
P22F	ST segment	NSR_scaled.PNG	0	188	1366	393					14		Fixation	200	196	305	1.78	356.72	176.55	0	0	0	0	1	0	0	0	0	0									
P22F	ST segment	NSR_scaled.PNG	0	188	1366	393					15		Fixation	900	181	307	0.23	193.34	196.63	0	0	0	0	1	0	0	0	0	0									
P22F	ST segment	NSR_scaled.PNG	0	188	1366	393					16		Fixation	433	131	325	0.87	212.63	19.29	0	0	0	0	1	0	0	0	0	0									
P22F	ST segment	NSR_scaled.PNG	0	188	1366	393					17		Fixation	183	224	275	1.87	43.72	191.09	0	0	0	0	1	0	0	0	0	0									
P22F	ST segment	STE_scaled.PNG	0	283	1366	203					18		Fixation	183	161	178	0.92	176.77	133.05											1	0	0	0	0	0	0	0	
P22F	ST segment	STE_scaled.PNG	0	283	1366	203					19		Fixation	533	205	149	0.97	49.53	232.77											0	0	0	0	1	0	0	0	
P22F	ST segment	STE_scaled.PNG	0	283	1366	203					20		Fixation	133	544	110	5.00	11.56	322.03											0	0	0	0	0	1	0	0	
P22F	ST segment	STE_scaled.PNG	0	283	1366	203					21		Fixation	1017	604	150	1.26	310.14	298.58											0	0	0	0	0	0	0	0	
P22F	ST segment	STE_scaled.PNG	0	283	1366	203					22		Fixation	200	600	147	0.09	126.86	176.71											0	0	0	0	0	0	0	0	
P24M	ST segment	STE_scaled.PNG	0	283	1366	203					1		Fixation	167	1340	141														0	0	0	0	0	0	0	0	
P24M	ST segment	STE_scaled.PNG	0	283	1366	203					2		Fixation	133	1011	60	4.08	156.35												0	0	0	1	0	0	0	0	
P24M	ST segment	STE_scaled.PNG	0	283	1366	203					3		Fixation	484	1055	128	1.38	289.99	133.64											0	0	0	0	0	0	0	1	
P24M	ST segment	STE_scaled.PNG	0	283	1366	203					4		Fixation	387	1047	133	0.13	228.03	298.04											0	0	0	0	0	0	0	1	
P24M	ST segment	STE_scaled.PNG	0	283	1366	203					5		Fixation	250	1030	118	0.35	122.50	254.48											0	0	0	0	0	0	0	0	
P24M	ST segment	STE_scaled.PNG	0	283	1366	203					6		Fixation	467	1078	123	0.56	349.50	227.00											0	0	0	0	0	0	0	1	
P24M	ST segment	STE_scaled.PNG	0	283	1366	203					7		Fixation	267	569	145	5.98	184.40	194.89											0	0	0	0	0	1	0	0	
P24M	ST segment	STE_scaled.PNG	0	283	1366	203					8		Fixation	200	528	152	0.51	196.89	12.50											0	0	0	0	0	1	0	0	
P24M	ST segment	STE_scaled.PNG	0	283	1366	203					9		Fixation	167	455	156	0.87	185.57	348.67											0	1	0	0	0	0	0	0	
P24M	ST segment	STE_scaled.PNG	0	283	1366	203					10		Fixation	117	266	15	3.26	127.00	301.44											0	0	0	0	1	0	0	0	
P24M	ST segment	STE_scaled.PNG	0	283	1366	203					11		Fixation	267	390	88	1.82	313.68	186.68											0	0	0	0	0	0	0	0	
P24M	ST segment	STE_scaled.PNG	0	283	1366	203					12		Fixation	167	739	149	4.14	342.73	29.05											0	0	1	0	0	0	0	0	
P24M	ST segment	STE_scaled.PNG	0	283	1366	203					13		Fixation	184	845	155	1.25	354.25	11.52											0	0	0	0	0	0	1	0	
P24M	ST segment	STE_scaled.PNG	0	283	1366	203					14		Fixation	99	1062	102	2.70	23.48	29.23											0	0	0	0	0	0	0	1	
P24M	ST segment	STE_scaled.PNG	0	283	1366	203					15		Fixation	185	1087	142	0.83	289.36	265.88											0	0	0	0	0	0	0	1	
P24M	ST segment	STE_scaled.PNG	0	283	1366	203					16		Fixation	184	1040	82	1.26	113.77	184.41											0	0	0	0	0	0	0	1	
P24M	ST segment	STE_scaled.PNG	0	283	1366	203					17		Fixation	117	771	7	3.18	153.62	39.85											0	0	0	0	0	0	1	0	
P24M	ST segment	STE_scaled.PNG	0	283	1366	203					18		Fixation	400	1059	135	7.10	321.67	168.05											0	0	0	0	0	0	0	1	
P24M	ST segment	STE_scaled.PNG	0	283	1366	203					19		Fixation	1017	1068	135	0.18	0.00	38.33											0	0	0	0	0	0	0	1	
P24M	ST segment	STE_scaled.PNG	0	283	1366	203					20		Fixation	1035	1056	132	0.28	156.03	156.03											0	0	0	0	0	0	0	1	
P24M	ST segment	STE_scaled.PNG	0	283	1366	203					21		Fixation	100	1031	76	1.93	104.09	308.06											0	0	0	0	0	0	0	1	
P24M	ST segment	STE_scaled.PNG	0	283	1366	203					22		Fixation	200	991	15	1.17	110.24	6.15											0	0	0	1	0	0	0	0	
P24M	ST segment	STE_scaled.PNG	0	283	1366	203					23		Fixation	150	1070	139	2.45	289.71	179.47											0	0	0	0	0	0	0	1	
P24M	ST segment	STE_scaled.PNG	0	283	1366	203					24		Fixation	167	1042	77	1.22	104.25	174.54											0	0	0	0	0	0	0	1	
P24M	ST segment	STE_scaled.PNG	0	283	1366	203					25		Fixation	450	1074	139	1.24	286.18	181.93											0	0	0	0	0	0	0	1	
P24M	ST segment	STE_scaled.PNG	0	283	1366	203					26		Fixation	100	1251	152	2.10	352.56	66.38											0	0	0	0	0	0	0	0	
P24M	ST segment	STE_scaled.PNG	0	283	1366	203					27		Fixation	233	248	148	11.85	179.59	187.04											0	0	0	0	1	0	0	0	
P24M	ST segment	STE_scaled.PNG	0	283	1366	203					28		Fixation	83	500	200	3.20	339.85	160.25											0	0	0	0	0	1	0	0	
P24M	ST segment	STE_scaled.PNG	0	283	1366	203					29		Fixation	133	688	150	2.50	25.32	45.47											0	0	0	0	0	0	0	0	
P24M	ST segment	STE_scaled.PNG	0	283	1366	203					30		Fixation	250	589	139	1.20	168.82	143.50											0	0	0	0	0	0	0	0	
P24M	ST segment	STE_scaled.PNG	0	283	1366	203					31		Fixation	150	77	131	6.07	178.41	9.59											0	0	0	0	0	0	0	0	
P24M	ST segment	STE_scaled.PNG	0	283	1366	203					32		Fixation	133	51	175	0.92	251.62	73.21											0	0	0	0	0	0	0	0	
P24M	ST segment	STE_scaled.PNG	0	283	1366	203					33		Fixation	167	211	156	1.97	11.93	120.30											0	0	0	0	1	0	0	0	
P24M	ST segment	STE_scaled.PNG	0	283	1366	203					34		Fixation	300	369	155	1.88	0.64	348.72											0	0	0	0	0	0	0	0	
P24M	ST segment	STE_scaled.PNG	0	283	1366	203					35		Fixation	850	621	149	5.52	2.42	1.78											0	0	0	0	0	0	0	0	
P24M	ST segment	NSR_scaled.PNG	0	188	1366	393					36		Fixation	83	659	324	3.26	284.95	282.53	0	1	0	0	0	0	0	0	0	0									
P24M	ST segment	NSR_scaled.PNG	0	188	1366	393					37		Fixation	151	173	121	14.15	143.39	218.44	0	0	0	0	1	0	0	0	0	0									
P24M	ST segment	NSR_scaled.PNG	0	188	1366	393					38		Fixation	233	559	281	34.46	323.60	180.21	0	0	0	0	0	0	0	0	0	0									
P24M	ST segment	NSR_scaled.PNG	0	188	1366	393					39		Fixation	300	620	273	1.33	13.13	49.53	0	1	0	0	0	0	0	0	0	0									
P24M	ST segment	NSR_scaled.PNG	0	188	1366	393					40		Fixation	150	787	291	2.00	349.15	336.02	0	0	0	0	0	0	1	0	0	0									
P24M	ST segment	NSR_scaled.PNG	0	188	1366	393					41		Fixation	117	963	267	2.09	13.63	24.49	0	0	0	1	0	0	0	0	0	0									
P24M	ST segment	NSR_scaled.PNG	0	188	1366	393					42		Fixation	117	1015	267	0.60	0.00	346.37	0	0	0	0	0	0	0	1	0	0									
P24M	ST segment	NSR_scaled.PNG	0	188	1366	393					43		Fixation	217	820	337	2.65	212.56	212.56	0	0	0	0	0	0	1	0	0	0									
P24M	ST segment	NSR_scaled.PNG	0	188	1366	393					44		Fixation	267	1088	335	3.28	0.76	148.20	0	0	0	0	0	0	0	1	0	0									
P24M	ST segment	NSR_scaled.PNG	0	188	1366	393					45		Fixation	133	974	329	1.43	174.65	173.89	0	0	0	0	0	0	0	1	0	0									
P24M	ST segment	NSR_scaled.PNG	0	188	1366	393					46		Fixation	417	1202	155	4.12	53.62	238.97	0	0	0	0	0	0	0	0	0	0									
P24M	ST segment	NSR_scaled.PNG	0	188	1366	393					47		Fixation	150	1295	149	0.96	6.55	312.93	0	0	0	0	0	0	0	0	0	1									
P24M	ST segment	NSR_scaled.PNG	0	188	1366	393					48		Fixation	150	1241	171	0.66	215.93	209.38	0	0	0	0	0	0	0	0	1	0									
P24M	ST segment	NSR_scaled.PNG	0	188	1366	393					49		Fixation	167	785	159	4.74	177.32	321.39	0	0	0	0	0	0	1	0	0	0									
P24M	ST segment	NSR_scaled.PNG	0	188	1366	393					50		Fixation	100	227	144	10.94	177.26	359.94	0	0	0	0	1	0	0	0	0	0									
P24M	ST segment	NSR_scaled.PNG	0	188	1366	393					51		Fixation	133	115	145	2.14	180.91	3.65	0	0	0	0	1	0	0	0	0	0									
P24M	ST segment	NSR_scaled.PNG	0	188	1366	393					52		Fixation	150	480	300	4.78	322.94	142.03	0	0	0	0	0	1	0	0	0	0									
P24M	ST segment	NSR_scaled.PNG	0	188	1366	393					53		Fixation	188	930	335	5.48	352.12	29.19	0	0	0	1	0	0	0	0	0	0									
P24M	ST segment	NSR_scaled.PNG	0	188	1366	393					54		Fixation	383	1307	378	4.82	348.53	356.41	0	0	0	0	0	0	0	0	0	1									
P24M	ST segment	NSR_scaled.PNG	0	188	1366	393					55		Fixation	234	177	217	27.05	165.78	177.25	0	0	0	0	1	0	0	0	0	0									
P24M	ST segment	NSR_scaled.PNG	0	188	1366	393					56		Fixation	133	382	331	5.99	315.31	149.53	0	0	1	0	0	0	0	0	0	0									
P24M	ST segment	NSR_scaled.PNG	0	188	1366	393					57		Fixation	267	77	139	9.19	131.77	176.45	1	0	0	0	0	0	0	0	0	0									
P24M	ST segment	NSR_scaled.PNG	0	188	1366	393					58		Fixation	100	214	172	10.82	336.81	205.04	0	0	0	0	1	0	0	0	0	0									
P24M	ST segment	NSR_scaled.PNG	0	188	1366	393					59		Fixation	103	425	313	6.78	310.08	333.27	0	0	0	0	0	1	0	0	0	0									
P24M	ST segment	NSR_scaled.PNG	0	188	1366	393					60		Fixation	83	129	284	3.48	170.11	220.04	0	0	0	0	1	0	0	0	0	0									
P24M	ST segment	NSR_scaled.PNG	0	188	1366	393					61		Fixation	267	95	285	0.76	182.99	12.88	1	0	0	0	0	0	0	0	0	0									
P24M	ST segment	NSR_scaled.PNG	0	188	1366	393					62		Fixation	233	114	284	1.96	5.35	182.35	0	0	0	0	1	0	0	0	0	0									
P24M	ST segment	NSR_scaled.PNG	0	188	1366	393					63		Fixation	103	86	289	0.65	197.62	192.27	1	0	0	0	0	0	0	0	0	0									
P24M	ST segment	NSR_scaled.PNG	0	188	1366	393					64		Fixation	201	90	111	5.99	89.28	251.66	1	0	0	0	0	0	0	0	0	0									
P24M	ST segment	NSR_scaled.PNG	0	188	1366	393					65		Fixation	134	481	288	10.39	321.16	231.88	0	0	0	0	0	1	0	0	0	0									
P24M	ST segment	NSR_scaled.PNG	0	188	1366	393					66		Fixation	133	449	345	1.17	252.48	291.32	0	0	0	0	0	1	0	0	0	0									
P24M	ST segment	NSR_scaled.PNG	0	188	1366	393					67		Fixation	483	897	302	9.66	9.69	117.21	0	0	0	0	0	0	0	0	0	0									
P24M	ST segment	NSR_scaled.PNG	0	188	1366	393					68		Fixation	250	1138	347	5.72	341.63	331.94	0	0	0	0	0	0	0	0	0	0									
P24M	ST segment	NSR_scaled.PNG	0	188	1366	393					69		Fixation	267	17	115	26.75	159.79	178.16	0	0	0	0	0	0	0	0	0	0									
P24M	ST segment	NSR_scaled.PNG	0	188	1366	393					70		Fixation	203	92	293	6.16	283.33	123.54	1	0	0	0	0	0	0	0	0	0									
P24M	ST segment	NSR_scaled.PNG	0	188	1366	393					71		Fixation	200	8	205	3.52	118.22	194.89	0	0	0	0	0	0	0	0	0	0									
P24M	ST segment	NSR_scaled.PNG	0	188	1366	393					72		Fixation	233	107	283	10.76	305.51	187.29	0	0	0	0	0	0	0	0	0	0									
P24M	ST segment	NSR_scaled.PNG	0	188	1366	393					73		Fixation	267	103	285	0.34	221.65	276.14	1	0	0	0	0	0	0	0	0	0									
P24M	ST segment	NSR_scaled.PNG	0	188	1366	393					74		Fixation	234	287	96	7.33	61.31	199.66	0	0	0	0	0	0	0	0	0	0									
P24M	ST segment	NSR_scaled.PNG	0	188	1366	393					75		Fixation	267	472	113	11.17	350.72	289.41	0	0	0	0	0	1	0	0	0	0									
P24M	ST segment	NSR_scaled.PNG	0	188	1366	393					76		Fixation	83	383	277	5.72	253.03	262.32	0	0	1	0	0	0	0	0	0	0									
P24M	ST segment	NSR_scaled.PNG	0	188	1366	393					77		Fixation	233	8	289	8.33	183.26	290.23	0	0	0	0	0	0	0	0	0	0									
P24M	ST segment	NSR_scaled.PNG	0	188	1366	393					78		Fixation	83	432	69	24.54	42.70	219.45	0	0	0	0	0	1	0	0	0	0									
P24M	ST segment	NSR_scaled.PNG	0	188	1366	393					79		Fixation	175	480	99	3.87	311.97	269.27	0	0	0	0	0	1	0	0	0	0									
P24M	ST segment	NSR_scaled.PNG	0	188	1366	393					80		Fixation	116	568	379	10.75	280.02	328.05	0	0	0	0	0	0	0	0	0	0									
P24M	ST segment	NSR_scaled.PNG	0	188	1366	393					81		Fixation	167	280	192	5.04	130.89	210.87	0	0	0	0	0	0	0	0	0	0									
P24M	ST segment	NSR_scaled.PNG	0	188	1366	393					82		Fixation	217	343	293	3.58	289.33	158.44	0	0	1	0	0	0	0	0	0	0									
P24M	ST segment	NSR_scaled.PNG	0	188	1366	393					83		Fixation	417	529	292	4.13	0.55	71.22	0	0	0	0	0	1	0	0	0	0									
P24M	ST segment	NSR_scaled.PNG	0	188	1366	393					84		Fixation	267	308	168	6.52	135.06	134.51	0	0	0	0	0	0	0	0	0	0									
P24M	ST segment	NSR_scaled.PNG	0	188	1366	393					85		Fixation	150	900	313	15.44	336.46	201.40	0	0	0	0	0	0	0	0	0	0									
P24M	ST segment	NSR_scaled.PNG	0	188	1366	393					86		Fixation	300	888	357	0.96	261.28	284.82	0	0	0	0	0	0	0	0	0	0									
P24M	ST segment	NSR_scaled.PNG	0	188	1366	393					87		Fixation	200	1140	376	3.34	352.36	91.08	0	0	0	0	0	0	0	0	0	0									
P24M	ST segment	NSR_scaled.PNG	0	188	1366	393					88		Fixation	217	1221	387	1.10	346.42	354.06	0	0	0	0	0	0	0	0	1	0									
P24M	ST segment	NSR_scaled.PNG	0	188	1366	393					89		Fixation	107	501	153	19.81	149.97	163.55	0	0	0	0	0	1	0	0	0	0									
P24M	ST segment	NSR_scaled.PNG	0	188	1366	393					90		Fixation	201	444	40	8.60	105.83	315.86	0	0	0	0	0	1	0	0	0	0									
P24M	ST segment	NSR_scaled.PNG	0	188	1366	393					91		Fixation	116	948	207	30.20	329.49	223.65	0	0	0	1	0	0	0	0	0	0									
P24M	ST segment	NSR_scaled.PNG	0	188	1366	393					92		Fixation	133	801	126	4.04	135.58	166.09	0	0	0	0	0	0	1	0	0	0									
P24M	ST segment	NSR_scaled.PNG	0	188	1366	393					93		Fixation	283	852	194	1.36	292.86	157.29	0	0	0	0	0	0	0	0	0	0									
P23F	ST segment	NSR_scaled.PNG	0	188	1366	393					1		Fixation	117	569	263				0	0	0	0	0	0	0	0	0	0									
P23F	ST segment	NSR_scaled.PNG	0	188	1366	393					2		Fixation	550	838	284	4.52	352.09		0	0	0	0	0	0	0	0	0	0									
P23F	ST segment	NSR_scaled.PNG	0	188	1366	393					3		Fixation	217	884	295	0.84	336.96	344.86	0	0	0	0	0	0	0	0	0	0									
P23F	ST segment	NSR_scaled.PNG	0	188	1366	393					4		Fixation	1033	865	297	0.33	190.60	213.65	0	0	0	0	0	0	0	0	0	0									
P23F	ST segment	NSR_scaled.PNG	0	188	1366	393					5		Fixation	83	510	278	6.01	174.56	343.96	0	0	0	0	0	1	0	0	0	0									
P23F	ST segment	NSR_scaled.PNG	0	188	1366	393					6		Fixation	167	261	186	8.52	146.69	332.13	0	0	0	0	1	0	0	0	0	0									
P23F	ST segment	NSR_scaled.PNG	0	188	1366	393					7		Fixation	83	271	164	0.94	75.66	288.98	0	0	0	0	0	0	0	0	0	0									
P23F	ST segment	NSR_scaled.PNG	0	188	1366	393					8		Fixation	683	457	291	4.24	309.47	233.80	0	0	0	0	0	1	0	0	0	0									
P23F	ST segment	NSR_scaled.PNG	0	188	1366	393					9		Fixation	283	492	285	0.62	16.96	67.49	0	0	0	0	0	1	0	0	0	0									
P23F	ST segment	NSR_scaled.PNG	0	188	1366	393					10		Fixation	233	710	281	3.70	1.87	344.91	0	0	0	0	0	0	1	0	0	0									
P23F	ST segment	NSR_scaled.PNG	0	188	1366	393					11		Fixation	150	752	283	0.71	355.16	353.29	0	0	0	0	0	0	1	0	0	0									
P23F	ST segment	NSR_scaled.PNG	0	188	1366	393					12		Fixation	617	848	272	1.64	11.52	16.36	0	0	0	0	0	0	0	0	0	0									
P23F	ST segment	NSR_scaled.PNG	0	188	1366	393					13		Fixation	617	805	293	0.92	220.98	209.46	0	0	0	0	0	0	1	0	0	0									
P23F	ST segment	NSR_scaled.PNG	0	188	1366	393					14		Fixation	300	838	275	0.74	44.13	183.15	0	0	0	0	0	0	0	0	0	0									
P23F	ST segment	NSR_scaled.PNG	0	188	1366	393					15		Fixation	483	801	290	0.74	215.79	171.66	0	0	0	0	0	0	1	0	0	0									
P23F	ST segment	NSR_scaled.PNG	0	188	1366	393					16		Fixation	333	844	273	0.85	35.11	179.32	0	0	0	0	0	0	0	0	0	0									
P23F	ST segment	NSR_scaled.PNG	0	188	1366	393					17		Fixation	267	1199	279	5.93	358.28	323.16	0	0	0	0	0	0	0	0	0	0									
P23F	ST segment	NSR_scaled.PNG	0	188	1366	393					18		Fixation	500	1211	354	2.15	275.14	276.86	0	0	0	0	0	0	0	0	1	0									
P23F	ST segment	NSR_scaled.PNG	0	188	1366	393					19		Fixation	267	401	283	14.49	171.14	256.00	0	0	0	0	0	1	0	0	0	0									
P23F	ST segment	NSR_scaled.PNG	0	188	1366	393					20		Fixation	233	452	285	0.87	356.01	184.87	0	0	0	0	0	1	0	0	0	0									
P23F	ST segment	NSR_scaled.PNG	0	188	1366	393					21		Fixation	100	97	292	5.99	182.01	186.00	1	0	0	0	0	0	0	0	0	0									
P23F	ST segment	NSR_scaled.PNG	0	188	1366	393					22		Fixation	133	333	272	4.02	8.57	186.56	0	0	1	0	0	0	0	0	0	0									
P23F	ST segment	NSR_scaled.PNG	0	188	1366	393					23		Fixation	567	476	283	2.43	352.21	343.64	0	0	0	0	0	1	0	0	0	0									
P23F	ST segment	NSR_scaled.PNG	0	188	1366	393					24		Fixation	200	172	271	5.11	175.98	183.77	0	0	0	0	1	0	0	0	0	0									
P23F	ST segment	NSR_scaled.PNG	0	188	1366	393					25		Fixation	633	128	278	0.77	195.80	19.82	0	0	0	0	1	0	0	0	0	0									
P23F	ST segment	NSR_scaled.PNG	0	188	1366	393					26		Fixation	633	493	277	6.11	0.28	164.48	0	0	0	0	0	1	0	0	0	0									
P23F	ST segment	NSR_scaled.PNG	0	188	1366	393					27		Fixation	983	420	277	1.23	180.00	179.72	0	0	0	0	0	1	0	0	0	0									
P23F	ST segment	NSR_scaled.PNG	0	188	1366	393					28		Fixation	867	488	281	1.15	354.03	174.03	0	0	0	0	0	1	0	0	0	0									
P23F	ST segment	NSR_scaled.PNG	0	188	1366	393					29		Fixation	83	124	287	6.18	181.68	187.65	0	0	0	0	1	0	0	0	0	0									
P23F	ST segment	NSR_scaled.PNG	0	188	1366	393					30		Fixation	133	75	259	1.05	134.53	312.86	1	0	0	0	0	0	0	0	0	0									
P23F	ST segment	NSR_scaled.PNG	0	188	1366	393					31		Fixation	300	30	277	0.90	215.43	80.90	0	0	0	0	0	0	0	0	0	0									
P23F	ST segment	NSR_scaled.PNG	0	188	1366	393					32		Fixation	100	471	246	13.72	7.13	151.70	0	0	0	0	0	1	0	0	0	0									
P23F	ST segment	NSR_scaled.PNG	0	188	1366	393					33		Fixation	150	419	325	4.06	249.69	242.57	0	0	0	0	0	1	0	0	0	0									
P23F	ST segment	STE_scaled.PNG	0	283	1366	203					34		Fixation	183	145	132	5.41	147.54	257.85											1	0	0	0	0	0	0	0	
P23F	ST segment	STE_scaled.PNG	0	283	1366	203					35		Fixation	233	285	118	2.38	10.09	222.55											0	0	0	0	1	0	0	0	
P23F	ST segment	STE_scaled.PNG	0	283	1366	203					36		Fixation	83	22	74	4.24	163.43	153.34											0	0	0	0	0	0	0	0	
P23F	ST segment	STE_scaled.PNG	0	283	1366	203					37		Fixation	133	134	116	2.08	326.30	162.87											1	0	0	0	0	0	0	0	
P23F	ST segment	STE_scaled.PNG	0	283	1366	203					38		Fixation	100	182	128	1.58	336.03	9.73											0	0	0	0	1	0	0	0	
P23F	ST segment	STE_scaled.PNG	0	283	1366	203					39		Fixation	150	64	28	5.46	123.56	147.53											0	0	0	0	0	0	0	0	
P23F	ST segment	STE_scaled.PNG	0	283	1366	203					40		Fixation	200	821	137	12.98	345.63	222.07											0	0	0	0	0	0	1	0	
P23F	ST segment	STE_scaled.PNG	0	283	1366	203					41		Fixation	167	646	118	3.06	169.07	183.44											0	0	0	0	0	0	0	0	
P23F	ST segment	STE_scaled.PNG	0	283	1366	203					42		Fixation	133	585	122	1.05	186.65	17.58											0	0	0	0	0	0	0	0	
P23F	ST segment	STE_scaled.PNG	0	283	1366	203					43		Fixation	450	972	121	6.59	0.26	173.61											0	0	0	0	0	0	0	0	
P23F	ST segment	STE_scaled.PNG	0	283	1366	203					44		Fixation	283	860	128	1.89	186.34	186.08											0	0	0	0	0	0	1	0	
P23F	ST segment	STE_scaled.PNG	0	283	1366	203					45		Fixation	133	492	107	6.26	174.20	347.86											0	0	0	0	0	1	0	0	
P23F	ST segment	STE_scaled.PNG	0	283	1366	203					46		Fixation	100	571	127	1.45	335.76	161.55											0	0	0	0	0	1	0	0	
P23F	ST segment	STE_scaled.PNG	0	283	1366	203					47		Fixation	83	1036	78	7.82	10.62	34.86											0	0	0	0	0	0	0	1	
P23F	ST segment	STE_scaled.PNG	0	283	1366	203					48		Fixation	83	999	68	0.67	154.33	143.71											0	0	0	1	0	0	0	0	
P23F	ST segment	STE_scaled.PNG	0	283	1366	203					49		Fixation	1034	974	116	1.31	253.68	99.35											0	0	0	0	0	0	0	0	
P23F	ST segment	STE_scaled.PNG	0	283	1366	203					50		Fixation	150	611	114	10.62	179.44	285.76											0	0	0	0	0	0	0	0	
P23F	ST segment	STE_scaled.PNG	0	283	1366	203					51		Fixation	133	545	91	4.93	148.21	328.77											0	0	0	0	0	1	0	0	
P23F	ST segment	STE_scaled.PNG	0	283	1366	203					52		Fixation	117	534	115	1.07	255.55	107.34											0	0	0	0	0	1	0	0	
P23F	ST segment	STE_scaled.PNG	0	283	1366	203					53		Fixation	133	341	59	3.48	152.70	257.15											0	0	0	0	0	0	0	0	
P23F	ST segment	STE_scaled.PNG	0	283	1366	203					54		Fixation	100	476	126	2.81	318.56	165.86											0	0	0	0	0	1	0	0	
P23F	ST segment	STE_scaled.PNG	0	283	1366	203					55		Fixation	100	284	113	3.29	173.13	214.57											0	0	0	0	1	0	0	0	
P23F	ST segment	STE_scaled.PNG	0	283	1366	203					56		Fixation	133	525	111	4.04	0.85	187.71											0	0	0	0	0	1	0	0	
P23F	ST segment	STE_scaled.PNG	0	283	1366	203					57		Fixation	183	875	141	5.99	351.33	350.49											0	0	0	0	0	0	1	0	
P23F	ST segment	STE_scaled.PNG	0	283	1366	203					58		Fixation	200	666	100	3.73	160.77	169.43											0	0	0	0	0	0	0	0	
P23F	ST segment	STE_scaled.PNG	0	283	1366	203					59		Fixation	717	630	104	0.62	191.18	30.41											0	0	0	0	0	0	0	0	
P23F	ST segment	STE_scaled.PNG	0	283	1366	203					60		Fixation	200	502	108	2.12	183.18	352.00											0	0	0	0	0	1	0	0	
P23F	ST segment	STE_scaled.PNG	0	283	1366	203					61		Fixation	83	654	88	2.56	13.17	189.99											0	0	0	0	0	0	0	0	
P23F	ST segment	STE_scaled.PNG	0	283	1366	203					62		Fixation	100	596	107	1.09	210.23	197.06											0	0	0	0	0	0	0	0	
P23F	ST segment	STE_scaled.PNG	0	283	1366	203					63		Fixation	133	661	101	1.08	9.32	159.10											0	0	0	0	0	0	0	0	
P23F	ST segment	STE_scaled.PNG	0	283	1366	203					64		Fixation	133	871	123	3.50	349.44	340.12											0	0	0	0	0	0	1	0	
P23F	ST segment	STE_scaled.PNG	0	283	1366	203					65		Fixation	100	838	138	0.68	218.95	229.51											0	0	0	0	0	0	1	0	
P23F	ST segment	STE_scaled.PNG	0	283	1366	203					66		Fixation	100	914	135	1.27	4.02	145.06											0	0	0	0	0	0	0	0	
P23F	ST segment	STE_scaled.PNG	0	283	1366	203					67		Fixation	83	875	169	1.12	237.18	233.17											0	0	0	0	0	0	1	0	
P23F	ST segment	STE_scaled.PNG	0	283	1366	203					68		Fixation	150	1038	127	2.87	24.62	147.44											0	0	0	0	0	0	0	1	
P23F	ST segment	STE_scaled.PNG	0	283	1366	203					69		Fixation	133	705	99	5.56	171.49	146.87											0	0	0	0	0	0	0	0	
P32M	ST segment	STE_scaled.PNG	0	283	1366	203					1		Fixation	184	1053	96														0	0	0	0	0	0	0	1	
P32M	ST segment	STE_scaled.PNG	0	283	1366	203					2		Fixation	250	694	77	5.11	174.62												0	0	0	0	0	0	0	0	
P32M	ST segment	STE_scaled.PNG	0	283	1366	203					3		Fixation	183	303	83	5.57	181.56	6.94											0	0	0	0	0	0	0	0	
P32M	ST segment	STE_scaled.PNG	0	283	1366	203					4		Fixation	483	265	84	1.00	182.68	1.12											0	0	0	0	1	0	0	0	
P32M	ST segment	STE_scaled.PNG	0	283	1366	203					5		Fixation	317	364	78	2.62	6.15	183.47											0	0	0	0	0	0	0	0	
P32M	ST segment	STE_scaled.PNG	0	283	1366	203					6		Fixation	483	484	94	1.74	346.66	340.51											0	0	0	0	0	1	0	0	
P32M	ST segment	STE_scaled.PNG	0	283	1366	203					7		Fixation	100	672	81	2.70	7.01	20.35											0	0	0	0	0	0	0	0	
P32M	ST segment	STE_scaled.PNG	0	283	1366	203					8		Fixation	1517	704	83	0.46	353.66	346.65											0	0	0	0	0	0	0	0	
P32M	ST segment	STE_scaled.PNG	0	283	1366	203					9		Fixation	433	303	84	5.71	180.25	186.60											0	0	0	0	0	0	0	0	
P32M	ST segment	STE_scaled.PNG	0	283	1366	203					10		Fixation	150	252	79	0.73	170.11	349.85											0	0	0	0	1	0	0	0	
P32M	ST segment	STE_scaled.PNG	0	283	1366	203					11		Fixation	83	267	18	1.43	82.13	272.02											0	0	0	0	1	0	0	0	
P32M	ST segment	STE_scaled.PNG	0	283	1366	203					12		Fixation	1383	265	76	2.25	268.89	186.76											0	0	0	0	1	0	0	0	
P32M	ST segment	STE_scaled.PNG	0	283	1366	203					13		Fixation	683	638	92	9.77	355.64	86.75											0	0	0	0	0	0	0	0	
P32M	ST segment	STE_scaled.PNG	0	283	1366	203					14		Fixation	100	396	79	3.44	174.54	178.91											0	0	0	0	0	0	0	0	
P32M	ST segment	STE_scaled.PNG	0	283	1366	203					15		Fixation	733	244	78	2.14	179.33	4.79											0	0	0	0	1	0	0	0	
P32M	ST segment	STE_scaled.PNG	0	283	1366	203					16		Fixation	200	145	74	1.39	175.89	356.56											1	0	0	0	0	0	0	0	
P32M	ST segment	STE_scaled.PNG	0	283	1366	203					17		Fixation	117	253	77	1.51	357.17	181.28											0	0	0	0	1	0	0	0	
P32M	ST segment	STE_scaled.PNG	0	283	1366	203					18		Fixation	1000	254	83	0.14	275.35	278.18											0	0	0	0	1	0	0	0	
P32M	ST segment	STE_scaled.PNG	0	283	1366	203					19		Fixation	183	642	75	5.50	2.10	86.75											0	0	0	0	0	0	0	0	
P32M	ST segment	STE_scaled.PNG	0	283	1366	203					20		Fixation	450	699	88	0.87	337.92	335.82											0	0	0	0	0	0	0	0	
P32M	ST segment	NSR_scaled.PNG	0	188	1366	393					21		Fixation	250	296	237	5.88	193.41	215.49	0	0	0	0	0	0	0	0	0	0									
P32M	ST segment	NSR_scaled.PNG	0	188	1366	393					22		Fixation	167	214	244	1.18	188.63	355.23	0	0	0	0	1	0	0	0	0	0									
P32M	ST segment	NSR_scaled.PNG	0	188	1366	393					23		Fixation	250	885	245	9.58	359.85	171.21	0	0	0	0	0	0	0	0	0	0									
P32M	ST segment	NSR_scaled.PNG	0	188	1366	393					24		Fixation	150	1090	211	3.01	16.44	16.59	0	0	0	0	0	0	0	1	0	0									
P32M	ST segment	NSR_scaled.PNG	0	188	1366	393					25		Fixation	250	1303	224	3.03	353.80	337.37	0	0	0	0	0	0	0	0	0	1									
P32M	ST segment	NSR_scaled.PNG	0	188	1366	393					26		Fixation	183	1364	227	0.85	355.00	1.20	0	0	0	0	0	0	0	0	0	1									
P32M	ST segment	NSR_scaled.PNG	0	188	1366	393					27		Fixation	83	1356	266	0.93	263.42	268.42	0	0	0	0	0	0	0	0	0	1									
P32M	ST segment	NSR_scaled.PNG	0	188	1366	393					28		Fixation	100	846	129	7.78	154.46	251.04	0	0	0	0	0	0	0	0	0	0									
P32M	ST segment	NSR_scaled.PNG	0	188	1366	393					29		Fixation	217	660	231	3.37	224.29	69.82	0	1	0	0	0	0	0	0	0	0									
P32M	ST segment	NSR_scaled.PNG	0	188	1366	393					30		Fixation	317	867	212	2.97	9.27	144.99	0	0	0	0	0	0	0	0	0	0									
P32M	ST segment	NSR_scaled.PNG	0	188	1366	393					31		Fixation	233	688	211	2.54	179.43	170.16	0	0	0	0	0	0	1	0	0	0									
P32M	ST segment	NSR_scaled.PNG	0	188	1366	393					32		Fixation	333	920	212	3.29	359.56	180.13	0	0	0	1	0	0	0	0	0	0									
P32M	ST segment	NSR_scaled.PNG	0	188	1366	393					33		Fixation	200	735	192	2.67	169.12	169.55	0	0	0	0	0	0	1	0	0	0									
P32M	ST segment	NSR_scaled.PNG	0	188	1366	393					34		Fixation	150	924	201	2.67	355.16	186.04	0	0	0	1	0	0	0	0	0	0									
P32M	ST segment	NSR_scaled.PNG	0	188	1366	393					35		Fixation	150	944	234	0.83	288.82	293.66	0	0	0	1	0	0	0	0	0	0									
P32M	ST segment	NSR_scaled.PNG	0	188	1366	393					36		Fixation	83	866	202	2.42	143.88	215.07	0	0	0	0	0	0	0	0	0	0									
P32M	ST segment	NSR_scaled.PNG	0	188	1366	393					37		Fixation	267	837	155	2.07	109.13	325.25	0	0	0	0	0	0	0	0	0	0									
P32M	ST segment	NSR_scaled.PNG	0	188	1366	393					38		Fixation	283	845	180	0.59	280.20	171.07	0	0	0	0	0	0	0	0	0	0									
P32M	ST segment	NSR_scaled.PNG	0	188	1366	393					39		Fixation	183	876	214	0.92	297.14	16.94	0	0	0	0	0	0	0	0	0	0									
P32M	ST segment	NSR_scaled.PNG	0	188	1366	393					40		Fixation	200	708	211	4.10	178.18	241.04	0	0	0	0	0	0	1	0	0	0									
P25F	ST segment	NSR_scaled.PNG	0	188	1366	393					1		Fixation	500	449	147				0	0	0	0	0	1	0	0	0	0									
P25F	ST segment	NSR_scaled.PNG	0	188	1366	393					2		Fixation	233	235	180	2.98	195.34		0	0	0	0	1	0	0	0	0	0									
P25F	ST segment	NSR_scaled.PNG	0	188	1366	393					3		Fixation	233	101	211	1.95	202.37	7.03	1	0	0	0	0	0	0	0	0	0									
P25F	ST segment	NSR_scaled.PNG	0	188	1366	393					4		Fixation	134	40	165	1.21	126.71	284.34	0	0	0	0	0	0	0	0	0	0									
P25F	ST segment	NSR_scaled.PNG	0	188	1366	393					5		Fixation	117	161	144	1.66	17.15	250.45	0	0	0	0	1	0	0	0	0	0									
P25F	ST segment	NSR_scaled.PNG	0	188	1366	393					6		Fixation	183	79	182	1.31	219.50	202.34	1	0	0	0	0	0	0	0	0	0									
P25F	ST segment	NSR_scaled.PNG	0	188	1366	393					7		Fixation	283	27	206	0.86	219.38	359.89	0	0	0	0	0	0	0	0	0	0									
P25F	ST segment	NSR_scaled.PNG	0	188	1366	393					8		Fixation	117	89	88	2.44	73.54	214.16	1	0	0	0	0	0	0	0	0	0									
P25F	ST segment	NSR_scaled.PNG	0	188	1366	393					9		Fixation	134	74	307	4.59	267.79	194.25	1	0	0	0	0	0	0	0	0	0									
P25F	ST segment	NSR_scaled.PNG	0	188	1366	393					10		Fixation	83	595	73	15.30	38.62	130.83	0	0	0	0	0	0	0	0	0	0									
P25F	ST segment	NSR_scaled.PNG	0	188	1366	393					11		Fixation	100	483	201	4.33	243.81	205.19	0	0	0	0	0	1	0	0	0	0									
P25F	ST segment	NSR_scaled.PNG	0	188	1366	393					12		Fixation	383	720	203	3.20	359.14	115.33	0	0	0	0	0	0	1	0	0	0									
P25F	ST segment	NSR_scaled.PNG	0	188	1366	393					13		Fixation	217	860	106	2.50	50.94	51.80	0	0	0	0	0	0	0	0	0	0									
P25F	ST segment	NSR_scaled.PNG	0	188	1366	393					14		Fixation	267	986	179	2.28	314.14	263.20	0	0	0	0	0	0	0	1	0	0									
P25F	ST segment	NSR_scaled.PNG	0	188	1366	393					15		Fixation	417	1127	200	1.94	345.16	31.02	0	0	0	0	0	0	0	1	0	0									
P25F	ST segment	NSR_scaled.PNG	0	188	1366	393					16		Fixation	357	460	195	8.92	179.24	194.07	0	0	0	0	0	1	0	0	0	0									
P25F	ST segment	NSR_scaled.PNG	0	188	1366	393					17		Fixation	117	1041	102	12.67	15.89	196.66	0	0	0	0	0	0	0	1	0	0									
P25F	ST segment	NSR_scaled.PNG	0	188	1366	393					18		Fixation	83	854	186	0.13	218.62	202.73	0	0	0	0	0	0	0	0	0	0									
P25F	ST segment	STE_scaled.PNG	0	283	1366	203					19		Fixation	83	231	4	35.52	166.05	307.43											0	0	0	0	1	0	0	0	
P25F	ST segment	STE_scaled.PNG	0	283	1366	203					20		Fixation	133	192	16	2.15	208.69	42.64											0	0	0	0	1	0	0	0	
P25F	ST segment	STE_scaled.PNG	0	283	1366	203					21		Fixation	83	198	22	0.24	299.35	90.66											0	0	0	0	1	0	0	0	
P26F	QRS complex	STE_scaled.PNG	0	283	1366	203					1		Fixation	83	785	104														0	0	0	0	0	0	1	0	
P26F	QRS complex	STE_scaled.PNG	0	283	1366	203					2		Fixation	267	528	126	6.19	188.66												0	0	0	0	0	1	0	0	
P26F	QRS complex	STE_scaled.PNG	0	283	1366	203					3		Fixation	183	997	124	6.37	0.43	171.78											0	0	0	1	0	0	0	0	
P26F	QRS complex	STE_scaled.PNG	0	283	1366	203					4		Fixation	233	953	118	0.61	166.37	165.93											0	0	0	0	0	0	0	0	
P26F	QRS complex	STE_scaled.PNG	0	283	1366	203					5		Fixation	267	874	133	1.10	198.66	32.29											0	0	0	0	0	0	1	0	
P26F	QRS complex	STE_scaled.PNG	0	283	1366	203					6		Fixation	183	445	29	5.96	156.67	318.01											0	1	0	0	0	0	0	0	
P26F	QRS complex	STE_scaled.PNG	0	283	1366	203					7		Fixation	166	524	125	2.09	294.83	138.15											0	0	0	0	0	1	0	0	
P26F	QRS complex	STE_scaled.PNG	0	283	1366	203					8		Fixation	183	224	119	4.04	177.96	243.13											0	0	0	0	1	0	0	0	
P26F	QRS complex	STE_scaled.PNG	0	283	1366	203					9		Fixation	217	85	126	1.88	185.12	7.16											0	0	0	0	0	0	0	0	
P26F	QRS complex	STE_scaled.PNG	0	283	1366	203					10		Fixation	383	952	115	11.71	1.29	176.17											0	0	0	0	0	0	0	0	
P26F	QRS complex	STE_scaled.PNG	0	283	1366	203					11		Fixation	300	875	134	1.09	203.70	202.40											0	0	0	0	0	0	1	0	
P26F	QRS complex	STE_scaled.PNG	0	283	1366	203					12		Fixation	133	739	140	1.86	184.49	340.79											0	0	1	0	0	0	0	0	
P26F	QRS complex	STE_scaled.PNG	0	283	1366	203					13		Fixation	150	1292	112	7.47	5.15	180.66											0	0	0	0	0	0	0	0	
P26F	QRS complex	STE_scaled.PNG	0	283	1366	203					14		Fixation	183	1345	118	0.73	348.62	343.47											0	0	0	0	0	0	0	0	
P26F	QRS complex	STE_scaled.PNG	0	283	1366	203					15		Fixation	783	537	129	10.96	181.39	192.77											0	0	0	0	0	1	0	0	
P26F	QRS complex	STE_scaled.PNG	0	283	1366	203					16		Fixation	133	921	158	5.33	352.35	170.96											0	0	0	0	0	0	0	0	
P26F	QRS complex	STE_scaled.PNG	0	283	1366	203					17		Fixation	417	547	128	5.18	171.88	179.53											0	0	0	0	0	1	0	0	
P26F	QRS complex	STE_scaled.PNG	0	283	1366	203					18		Fixation	367	988	110	6.01	4.15	192.27											0	0	0	1	0	0	0	0	
P26F	QRS complex	STE_scaled.PNG	0	283	1366	203					19		Fixation	267	1042	121	0.78	340.08	335.93											0	0	0	0	0	0	0	1	
P26F	QRS complex	STE_scaled.PNG	0	283	1366	203					20		Fixation	183	633	120	5.59	179.75	199.67											0	0	0	0	0	0	0	0	
P26F	QRS complex	STE_scaled.PNG	0	283	1366	203					21		Fixation	183	576	120	0.78	180.00	0.25											0	0	0	0	0	1	0	0	
P26F	QRS complex	STE_scaled.PNG	0	283	1366	203					22		Fixation	167	684	133	1.51	347.92	167.92											0	0	0	0	0	0	0	0	
P26F	QRS complex	STE_scaled.PNG	0	283	1366	203					23		Fixation	333	189	165	6.91	186.56	198.64											0	0	0	0	1	0	0	0	
P26F	QRS complex	STE_scaled.PNG	0	283	1366	203					24		Fixation	150	121	137	1.08	143.78	317.22											1	0	0	0	0	0	0	0	
P26F	QRS complex	NSR_scaled.PNG	0	188	1366	393					25		Fixation	100	73	205	0.81	134.99	351.20	1	0	0	0	0	0	0	0	0	0									
P26F	QRS complex	NSR_scaled.PNG	0	188	1366	393					26		Fixation	117	204	129	3.93	45.90	270.91	0	0	0	0	1	0	0	0	0	0									
P26F	QRS complex	NSR_scaled.PNG	0	188	1366	393					27		Fixation	217	1154	253	23.38	346.93	301.03	0	0	0	0	0	0	0	0	0	0									
P26F	QRS complex	NSR_scaled.PNG	0	188	1366	393					28		Fixation	133	1200	212	0.99	57.76	70.83	0	0	0	0	0	0	0	0	0	0									
P26F	QRS complex	NSR_scaled.PNG	0	188	1366	393					29		Fixation	400	781	277	5.80	195.43	137.67	0	0	0	0	0	0	1	0	0	0									
P26F	QRS complex	NSR_scaled.PNG	0	188	1366	393					30		Fixation	333	445	301	4.69	187.24	351.81	0	0	0	0	0	1	0	0	0	0									
P26F	QRS complex	NSR_scaled.PNG	0	188	1366	393					31		Fixation	150	506	290	0.88	17.78	190.54	0	0	0	0	0	1	0	0	0	0									
P26F	QRS complex	NSR_scaled.PNG	0	188	1366	393					32		Fixation	467	751	287	3.40	1.25	343.46	0	0	0	0	0	0	1	0	0	0									
P26F	QRS complex	NSR_scaled.PNG	0	188	1366	393					33		Fixation	267	181	307	7.95	183.57	182.32	0	0	0	0	1	0	0	0	0	0									
P26F	QRS complex	NSR_scaled.PNG	0	188	1366	393					34		Fixation	250	236	287	0.89	32.89	209.32	0	0	0	0	1	0	0	0	0	0									
P26F	QRS complex	NSR_scaled.PNG	0	188	1366	393					35		Fixation	133	352	299	1.62	349.57	316.68	0	0	1	0	0	0	0	0	0	0									
P27F	ST segment	NSR_scaled.PNG	0	188	1366	393					1		Fixation	84	387	159				0	0	0	0	0	1	0	0	0	0									
P27F	ST segment	NSR_scaled.PNG	0	188	1366	393					2		Fixation	100	349	110	1.00	113.56		0	0	1	0	0	0	0	0	0	0									
P27F	ST segment	STE_scaled.PNG	0	283	1366	203					3		Fixation	93	33	60	7.05	194.21	80.66											0	0	0	0	0	0	0	0	
P28F	ST segment	STE_scaled.PNG	0	283	1366	203					1		Fixation	250	188	81														0	0	0	0	1	0	0	0	
P28F	ST segment	STE_scaled.PNG	0	283	1366	203					2		Fixation	100	61	85	2.73	183.21												0	0	0	0	0	0	0	0	
P28F	ST segment	STE_scaled.PNG	0	283	1366	203					3		Fixation	133	515	81	9.69	0.90	177.69											0	0	0	0	0	1	0	0	
P28F	ST segment	STE_scaled.PNG	0	283	1366	203					4		Fixation	83	265	153	3.15	207.12	206.23											0	0	0	0	1	0	0	0	
P28F	ST segment	STE_scaled.PNG	0	283	1366	203					5		Fixation	267	229	101	1.87	111.27	264.14											0	0	0	0	1	0	0	0	
P28F	ST segment	STE_scaled.PNG	0	283	1366	203					6		Fixation	233	180	114	3.28	205.26	93.99											0	0	0	0	1	0	0	0	
P28F	ST segment	STE_scaled.PNG	0	283	1366	203					7		Fixation	654	233	71	2.30	55.28	210.02											0	0	0	0	1	0	0	0	
P28F	ST segment	STE_scaled.PNG	0	283	1366	203					8		Fixation	150	206	104	1.15	245.30	190.02											0	0	0	0	1	0	0	0	
P28F	ST segment	STE_scaled.PNG	0	283	1366	203					9		Fixation	118	150	151	1.07	236.18	350.89											1	0	0	0	0	0	0	0	
P28F	ST segment	STE_scaled.PNG	0	283	1366	203					10		Fixation	700	203	80	1.42	67.23	191.05											0	0	0	0	1	0	0	0	
P28F	ST segment	STE_scaled.PNG	0	283	1366	203					11		Fixation	283	228	86	0.30	336.88	269.65											0	0	0	0	1	0	0	0	
P28F	ST segment	STE_scaled.PNG	0	283	1366	203					12		Fixation	186	231	34	1.58	88.14	111.26											0	0	0	0	1	0	0	0	
P28F	ST segment	STE_scaled.PNG	0	283	1366	203					13		Fixation	267	206	123	2.85	261.03	172.88											0	0	0	0	1	0	0	0	
P28F	ST segment	STE_scaled.PNG	0	283	1366	203					14		Fixation	233	204	170	0.91	268.63	7.60											0	0	0	0	1	0	0	0	
P28F	ST segment	STE_scaled.PNG	0	283	1366	203					15		Fixation	200	193	163	0.20	131.46	222.83											0	0	0	0	1	0	0	0	
P28F	ST segment	STE_scaled.PNG	0	283	1366	203					16		Fixation	200	274	53	4.05	67.51	296.05											0	0	0	0	1	0	0	0	
P28F	ST segment	STE_scaled.PNG	0	283	1366	203					17		Fixation	567	111	60	3.40	184.37	116.86											1	0	0	0	0	0	0	0	
P28F	ST segment	NSR_scaled.PNG	0	188	1366	393					18		Fixation	150	134	233	1.42	279.41	95.05	0	0	0	0	1	0	0	0	0	0									
P28F	ST segment	NSR_scaled.PNG	0	188	1366	393					19		Fixation	117	378	222	2.81	4.58	85.17	0	0	1	0	0	0	0	0	0	0									
P28F	ST segment	NSR_scaled.PNG	0	188	1366	393					20		Fixation	101	134	75	3.57	133.02	128.44	0	0	0	0	1	0	0	0	0	0									
P28F	ST segment	NSR_scaled.PNG	0	188	1366	393					21		Fixation	84	102	194	1.97	261.40	128.38	1	0	0	0	0	0	0	0	0	0									
P29M	ST segment	NSR_scaled.PNG	0	188	1366	393					1		Fixation	133	266	80				0	0	0	0	1	0	0	0	0	0									
P29M	ST segment	NSR_scaled.PNG	0	188	1366	393					2		Fixation	350	189	162	1.81	242.17		0	0	0	0	1	0	0	0	0	0									
P29M	ST segment	NSR_scaled.PNG	0	188	1366	393					3		Fixation	183	193	181	0.36	276.75	34.58	0	0	0	0	1	0	0	0	0	0									
P29M	ST segment	NSR_scaled.PNG	0	188	1366	393					4		Fixation	833	131	193	0.79	199.00	282.25	0	0	0	0	1	0	0	0	0	0									
P29M	ST segment	NSR_scaled.PNG	0	188	1366	393					5		Fixation	100	493	184	4.40	2.53	163.54	0	0	0	0	0	1	0	0	0	0									
P29M	ST segment	NSR_scaled.PNG	0	188	1366	393					6		Fixation	983	455	172	0.51	150.68	148.15	0	0	0	0	0	1	0	0	0	0									
P29M	ST segment	NSR_scaled.PNG	0	188	1366	393					7		Fixation	234	689	169	2.83	1.31	210.63	0	0	0	0	0	0	1	0	0	0									
P29M	ST segment	NSR_scaled.PNG	0	188	1366	393					8		Fixation	217	538	155	1.83	170.64	169.33	0	0	0	0	0	1	0	0	0	0									
P29M	ST segment	NSR_scaled.PNG	0	188	1366	393					9		Fixation	133	581	161	0.53	346.06	175.43	0	0	0	0	0	0	0	0	0	0									
P29M	ST segment	NSR_scaled.PNG	0	188	1366	393					10		Fixation	183	505	168	0.93	189.30	203.24	0	0	0	0	0	1	0	0	0	0									
P29M	ST segment	NSR_scaled.PNG	0	188	1366	393					11		Fixation	133	594	195	1.19	331.65	142.35	0	0	0	0	0	0	0	0	0	0									
P29M	ST segment	NSR_scaled.PNG	0	188	1366	393					12		Fixation	83	507	183	1.08	166.22	194.57	0	0	0	0	0	1	0	0	0	0									
P29M	ST segment	NSR_scaled.PNG	0	188	1366	393					13		Fixation	133	325	194	2.23	186.14	19.92	0	0	1	0	0	0	0	0	0	0									
P29M	ST segment	NSR_scaled.PNG	0	188	1366	393					14		Fixation	750	534	200	2.55	357.08	170.94	0	0	0	0	0	1	0	0	0	0									
P29M	ST segment	NSR_scaled.PNG	0	188	1366	393					15		Fixation	100	1006	188	5.74	2.59	5.51	0	0	0	0	0	0	0	1	0	0									
P29M	ST segment	NSR_scaled.PNG	0	188	1366	393					16		Fixation	233	910	206	2.02	198.44	195.85	0	0	0	1	0	0	0	0	0	0									
P29M	ST segment	NSR_scaled.PNG	0	188	1366	393					17		Fixation	100	1192	196	6.00	3.61	165.17	0	0	0	0	0	0	0	0	0	0									
P29M	ST segment	NSR_scaled.PNG	0	188	1366	393					18		Fixation	233	961	154	5.28	162.08	158.47	0	0	0	1	0	0	0	0	0	0									
P29M	ST segment	NSR_scaled.PNG	0	188	1366	393					19		Fixation	133	230	185	15.98	184.31	22.23	0	0	0	0	1	0	0	0	0	0									
P29M	ST segment	NSR_scaled.PNG	0	188	1366	393					20		Fixation	217	237	211	0.50	278.61	94.29	0	0	0	0	1	0	0	0	0	0									
P29M	ST segment	NSR_scaled.PNG	0	188	1366	393					21		Fixation	250	183	202	0.68	163.49	244.88	0	0	0	0	1	0	0	0	0	0									
P29M	ST segment	NSR_scaled.PNG	0	188	1366	393					22		Fixation	83	238	219	0.74	331.20	167.71	0	0	0	0	1	0	0	0	0	0									
P29M	ST segment	NSR_scaled.PNG	0	188	1366	393					23		Fixation	317	182	203	0.74	153.06	181.86	0	0	0	0	1	0	0	0	0	0									
P29M	ST segment	NSR_scaled.PNG	0	188	1366	393					24		Fixation	217	296	146	1.78	41.65	248.59	0	0	0	0	0	0	0	0	0	0									
P29M	ST segment	NSR_scaled.PNG	0	188	1366	393					25		Fixation	267	321	166	0.48	305.10	263.45	0	0	0	0	0	0	0	0	0	0									
P29M	ST segment	STE_scaled.PNG	0	283	1366	203					26		Fixation	133	249	37	1.07	139.97	194.87											0	0	0	0	1	0	0	0	
P29M	ST segment	STE_scaled.PNG	0	283	1366	203					27		Fixation	400	240	13	0.45	101.91	321.93											0	0	0	0	1	0	0	0	
P29M	ST segment	STE_scaled.PNG	0	283	1366	203					28		Fixation	250	248	13	0.10	0.00	258.09											0	0	0	0	1	0	0	0	
P29M	ST segment	STE_scaled.PNG	0	283	1366	203					29		Fixation	600	186	10	0.74	175.08	175.08											0	0	0	0	1	0	0	0	
P29M	ST segment	STE_scaled.PNG	0	283	1366	203					30		Fixation	150	236	19	0.61	342.25	167.17											0	0	0	0	1	0	0	0	
P29M	ST segment	STE_scaled.PNG	0	283	1366	203					31		Fixation	717	184	13	0.62	168.40	186.16											0	0	0	0	1	0	0	0	
P29M	ST segment	STE_scaled.PNG	0	283	1366	203					32		Fixation	133	681	18	5.97	358.97	190.57											0	0	0	0	0	0	0	0	
P29M	ST segment	STE_scaled.PNG	0	283	1366	203					33		Fixation	417	731	18	0.60	0.00	1.03											0	0	1	0	0	0	0	0	
P29M	ST segment	STE_scaled.PNG	0	283	1366	203					34		Fixation	533	890	36	1.95	348.62	348.62											0	0	0	0	0	0	0	0	
P29M	ST segment	STE_scaled.PNG	0	283	1366	203					35		Fixation	167	600	58	3.49	187.68	199.07											0	0	0	0	0	0	0	0	
P29M	ST segment	STE_scaled.PNG	0	283	1366	203					36		Fixation	150	483	55	1.43	177.39	349.70											0	0	0	0	0	1	0	0	
P30F	ST segment	STE_scaled.PNG	0	283	1366	203					1		Fixation	133	415	39														0	1	0	0	0	0	0	0	
P30F	ST segment	STE_scaled.PNG	0	283	1366	203					2		Fixation	850	1021	28	7.59	1.85												0	0	0	1	0	0	0	0	
P30F	ST segment	STE_scaled.PNG	0	283	1366	203					3		Fixation	233	992	55	0.58	238.87	237.02											0	0	0	1	0	0	0	0	
P30F	ST segment	STE_scaled.PNG	0	283	1366	203					4		Fixation	150	998	45	0.19	71.36	192.49											0	0	0	1	0	0	0	0	
P30F	ST segment	NSR_scaled.PNG	0	188	1366	393					5		Fixation	167	999	48	1.64	89.65	18.29	0	0	0	0	0	0	0	1	0	0									
P30F	ST segment	NSR_scaled.PNG	0	188	1366	393					6		Fixation	117	161	73	9.83	183.04	93.39	0	0	0	0	1	0	0	0	0	0									
P30F	ST segment	NSR_scaled.PNG	0	188	1366	393					7		Fixation	117	334	131	2.36	329.19	146.15	0	0	1	0	0	0	0	0	0	0									
P30F	ST segment	NSR_scaled.PNG	0	188	1366	393					8		Fixation	117	1111	97	9.52	4.45	35.26	0	0	0	0	0	0	0	1	0	0									
P30F	ST segment	NSR_scaled.PNG	0	188	1366	393					9		Fixation	117	976	123	1.64	198.91	194.46	0	0	0	0	0	0	0	1	0	0									
P31F	ST segment	NSR_scaled.PNG	0	188	1366	393					1		Fixation	166	967	251				0	0	0	1	0	0	0	0	0	0									
P31F	ST segment	NSR_scaled.PNG	0	188	1366	393					2		Fixation	183	710	186	2.91	155.78		0	0	0	0	0	0	1	0	0	0									
P31F	ST segment	NSR_scaled.PNG	0	188	1366	393					3		Fixation	417	965	160	2.60	10.28	214.50	0	0	0	1	0	0	0	0	0	0									
P31F	ST segment	NSR_scaled.PNG	0	188	1366	393					4		Fixation	217	1333	194	3.77	350.67	340.39	0	0	0	0	0	0	0	0	0	1									
P31F	ST segment	NSR_scaled.PNG	0	188	1366	393					5		Fixation	217	1189	182	1.46	171.57	180.90	0	0	0	0	0	0	0	0	0	0									
P31F	ST segment	NSR_scaled.PNG	0	188	1366	393					6		Fixation	217	1039	184	1.50	181.36	9.79	0	0	0	0	0	0	0	1	0	0									
P31F	ST segment	NSR_scaled.PNG	0	188	1366	393					7		Fixation	217	954	198	0.87	196.33	14.97	0	0	0	1	0	0	0	0	0	0									
P31F	ST segment	NSR_scaled.PNG	0	188	1366	393					8		Fixation	283	879	207	0.76	192.05	355.72	0	0	0	0	0	0	0	0	0	0									
P31F	ST segment	NSR_scaled.PNG	0	188	1366	393					9		Fixation	100	759	203	1.23	176.61	344.56	0	0	0	0	0	0	1	0	0	0									
P31F	ST segment	NSR_scaled.PNG	0	188	1366	393					10		Fixation	267	969	183	2.13	9.61	193.01	0	0	0	0	0	0	0	0	0	0									
P31F	ST segment	NSR_scaled.PNG	0	188	1366	393					11		Fixation	467	1205	192	2.37	356.12	346.51	0	0	0	0	0	0	0	0	1	0									
P31F	ST segment	NSR_scaled.PNG	0	188	1366	393					12		Fixation	450	1331	188	1.24	3.23	7.11	0	0	0	0	0	0	0	0	0	1									
P31F	ST segment	NSR_scaled.PNG	0	188	1366	393					13		Fixation	183	1249	209	0.84	204.49	201.26	0	0	0	0	0	0	0	0	1	0									
P31F	ST segment	NSR_scaled.PNG	0	188	1366	393					14		Fixation	334	123	240	11.46	182.80	338.31	0	0	0	0	1	0	0	0	0	0									
P31F	ST segment	NSR_scaled.PNG	0	188	1366	393					15		Fixation	250	668	179	5.65	11.26	188.46	0	1	0	0	0	0	0	0	0	0									
P31F	ST segment	NSR_scaled.PNG	0	188	1366	393					16		Fixation	83	600	205	0.78	214.22	202.96	0	0	0	0	0	0	0	0	0	0									
P31F	ST segment	NSR_scaled.PNG	0	188	1366	393					17		Fixation	350	506	224	1.00	199.77	345.56	0	0	0	0	0	1	0	0	0	0									
P31F	ST segment	NSR_scaled.PNG	0	188	1366	393					18		Fixation	317	407	237	1.03	193.15	353.37	0	0	0	0	0	1	0	0	0	0									
P31F	ST segment	NSR_scaled.PNG	0	188	1366	393					19		Fixation	300	342	252	0.71	202.32	9.17	0	0	1	0	0	0	0	0	0	0									
P31F	ST segment	NSR_scaled.PNG	0	188	1366	393					20		Fixation	616	453	225	1.22	23.40	181.08	0	0	0	0	0	1	0	0	0	0									
P31F	ST segment	NSR_scaled.PNG	0	188	1366	393					21		Fixation	133	615	237	1.69	352.49	329.10	0	1	0	0	0	0	0	0	0	0									
P31F	ST segment	NSR_scaled.PNG	0	188	1366	393					22		Fixation	150	616	209	0.44	88.85	96.36	0	1	0	0	0	0	0	0	0	0									
P31F	ST segment	NSR_scaled.PNG	0	188	1366	393					23		Fixation	283	719	192	1.07	16.36	287.51	0	0	0	0	0	0	1	0	0	0									
P31F	ST segment	NSR_scaled.PNG	0	188	1366	393					24		Fixation	417	812	195	0.95	356.72	340.36	0	0	0	0	0	0	1	0	0	0									
P31F	ST segment	NSR_scaled.PNG	0	188	1366	393					25		Fixation	117	1126	5	6.18	47.10	50.39	0	0	0	0	0	0	0	0	0	0									
P31F	ST segment	NSR_scaled.PNG	0	188	1366	393					26		Fixation	283	1342	114	4.94	318.09	270.99	0	0	0	0	0	0	0	0	0	1									
P31F	ST segment	NSR_scaled.PNG	0	188	1366	393					27		Fixation	183	257	207	10.93	188.67	230.58	0	0	0	0	1	0	0	0	0	0									
P31F	ST segment	NSR_scaled.PNG	0	188	1366	393					28		Fixation	150	113	221	1.50	189.81	1.14	0	0	0	0	1	0	0	0	0	0									
P31F	ST segment	NSR_scaled.PNG	0	188	1366	393					29		Fixation	267	220	219	1.11	1.90	172.09	0	0	0	0	1	0	0	0	0	0									
P31F	ST segment	NSR_scaled.PNG	0	188	1366	393					30		Fixation	583	123	257	1.17	214.87	212.96	0	0	0	0	1	0	0	0	0	0									
P31F	ST segment	NSR_scaled.PNG	0	188	1366	393					31		Fixation	83	1029	194	9.24	7.05	152.18	0	0	0	0	0	0	0	1	0	0									
P31F	ST segment	NSR_scaled.PNG	0	188	1366	393					32		Fixation	100	926	163	1.15	151.84	144.79	0	0	0	1	0	0	0	0	0	0									
P31F	ST segment	NSR_scaled.PNG	0	188	1366	393					33		Fixation	300	498	134	4.17	173.13	21.29	0	0	0	0	0	1	0	0	0	0									
P31F	ST segment	NSR_scaled.PNG	0	188	1366	393					34		Fixation	117	447	93	0.77	124.97	311.84	0	0	0	0	0	1	0	0	0	0									
P31F	ST segment	NSR_scaled.PNG	0	188	1366	393					35		Fixation	83	196	26	2.49	154.60	29.64	0	0	0	0	0	0	0	0	0	0									
P31F	ST segment	NSR_scaled.PNG	0	188	1366	393					36		Fixation	200	96	218	3.01	253.68	99.08	1	0	0	0	0	0	0	0	0	0									
P31F	ST segment	NSR_scaled.PNG	0	188	1366	393					37		Fixation	167	16	77	3.98	107.69	214.01	0	0	0	0	0	0	0	0	0	0									
P31F	ST segment	NSR_scaled.PNG	0	188	1366	393					38		Fixation	1050	5	180	2.73	266.56	158.87	0	0	0	0	0	0	0	0	0	0									
P31F	ST segment	NSR_scaled.PNG	0	188	1366	393					39		Fixation	883	468	174	4.69	1.32	94.76	0	0	0	0	0	1	0	0	0	0									
P31F	ST segment	NSR_scaled.PNG	0	188	1366	393					40		Fixation	83	494	149	0.46	59.68	58.36	0	0	0	0	0	1	0	0	0	0									
P31F	ST segment	NSR_scaled.PNG	0	188	1366	393					41		Fixation	518	506	106	0.65	81.08	21.40	0	0	0	0	0	1	0	0	0	0									
P31F	ST segment	NSR_scaled.PNG	0	188	1366	393					42		Fixation	383	427	234	2.12	250.86	169.78	0	0	0	0	0	1	0	0	0	0									
P31F	ST segment	NSR_scaled.PNG	0	188	1366	393					43		Fixation	103	1254	223	15.53	1.36	110.49	0	0	0	0	0	0	0	0	1	0									
P31F	ST segment	NSR_scaled.PNG	0	188	1366	393					44		Fixation	384	835	222	7.38	179.76	178.40	0	0	0	0	0	0	0	0	0	0									
P31F	ST segment	NSR_scaled.PNG	0	188	1366	393					45		Fixation	434	859	249	0.53	296.55	116.80	0	0	0	0	0	0	0	0	0	0									
P31F	ST segment	NSR_scaled.PNG	0	188	1366	393					46		Fixation	134	839	171	2.30	98.20	161.65	0	0	0	0	0	0	0	0	0	0									
P31F	ST segment	NSR_scaled.PNG	0	188	1366	393					47		Fixation	117	863	297	3.65	276.11	177.91	0	0	0	0	0	0	0	0	0	0									
P31F	ST segment	STE_scaled.PNG	0	283	1366	203					48		Fixation	317	882	4	3.15	86.91	170.80											0	0	0	0	0	0	1	0	
P31F	ST segment	STE_scaled.PNG	0	283	1366	203					49		Fixation	234	619	17	2.69	185.02	98.11											0	0	0	0	0	0	0	0	
P31F	ST segment	STE_scaled.PNG	0	283	1366	203					50		Fixation	150	292	29	3.37	183.73	358.71											0	0	0	0	0	0	0	0	
P31F	ST segment	STE_scaled.PNG	0	283	1366	203					51		Fixation	150	8	38	2.96	183.23	359.49											0	0	0	0	0	0	0	0	
P31F	ST segment	STE_scaled.PNG	0	283	1366	203					52		Fixation	101	620	5	6.36	5.48	182.25											0	0	0	0	0	0	0	0	
P31F	ST segment	STE_scaled.PNG	0	283	1366	203					53		Fixation	284	1089	20	4.79	356.74	351.27											0	0	0	0	0	0	0	1	
P31F	ST segment	STE_scaled.PNG	0	283	1366	203					54		Fixation	870	1039	4	0.58	150.35	153.61											0	0	0	0	0	0	0	1	
P31F	ST segment	STE_scaled.PNG	0	283	1366	203					55		Fixation	224	1163	23	1.31	344.76	194.40											0	0	0	0	0	0	0	0	
P31F	ST segment	STE_scaled.PNG	0	283	1366	203					56		Fixation	217	555	20	6.17	179.50	194.74											0	0	0	0	0	1	0	0	
P31F	ST segment	STE_scaled.PNG	0	283	1366	203					57		Fixation	317	607	21	0.54	358.04	178.54											0	0	0	0	0	0	0	0	
P31F	ST segment	STE_scaled.PNG	0	283	1366	203					58		Fixation	1250	556	23	0.53	183.99	185.95											0	0	0	0	0	1	0	0	
P31F	ST segment	STE_scaled.PNG	0	283	1366	203					59		Fixation	233	572	34	0.24	309.28	125.29											0	0	0	0	0	1	0	0	
P31F	ST segment	STE_scaled.PNG	0	283	1366	203					60		Fixation	117	586	8	0.42	73.16	123.88											0	0	0	0	0	0	0	0	
P31F	ST segment	STE_scaled.PNG	0	283	1366	203					61		Fixation	100	609	53	0.77	286.03	212.88											0	0	0	0	0	0	0	0	
P31F	ST segment	STE_scaled.PNG	0	283	1366	203					62		Fixation	212	632	29	0.71	61.68	135.65											0	0	0	0	0	0	0	0	
